prob_artifact_free,Prediction_Probability,True_Label,Predicted_Label
0.9785432483580216,0.0214567516419782,0,0
0.9971815194824526,0.0028184805175473,0,0
0.9505279088381392,0.0494720911618608,0,0
0.9945077501515672,0.0054922498484328,0,0
0.9987550624866264,0.0012449375133733,0,0
0.9764346578740492,0.0235653421259507,0,0
0.9633630261875706,0.0366369738124294,0,0
0.9947258141404792,0.0052741858595208,0,0
0.9976458128641884,0.0023541871358117,0,0
0.9543356112951769,0.045664388704823,0,0
0.9540901319202856,0.0459098680797143,0,0
0.9966499962225168,0.003350003777483,0,0
0.9750911216478876,0.0249088783521124,0,0
0.9907954242802216,0.0092045757197785,0,0
0.996800423722934,0.003199576277066,0,0
0.9930998944490886,0.0069001055509113,0,0
0.9898611898169648,0.0101388101830352,0,0
0.9887906712013624,0.0112093287986375,0,0
0.9989197309372904,0.0010802690627097,0,0
0.9965664919937264,0.0034335080062736,0,0
0.9978576423535768,0.0021423576464233,0,0
0.9864192025078036,0.0135807974921961,0,0
0.9449867460073544,0.0550132539926455,0,0
0.992818246846654,0.0071817531533459,0,0
0.991202875769785,0.0087971242302149,0,0
0.9954024503576406,0.0045975496423593,0,0
0.9388038148698008,0.0611961851301995,0,0
0.9951037358876218,0.0048962641123783,0,0
0.992194282866637,0.0078057171333628,0,0
0.9961659077426084,0.0038340922573915,0,0
0.9944706801618706,0.0055293198381293,0,0
0.9880683348001472,0.0119316651998526,0,0
0.9917780875867024,0.0082219124132977,0,0
0.998620700505227,0.001379299494773,0,0
0.9974663686027588,0.0025336313972411,0,0
0.970610105487484,0.0293898945125159,0,0
0.9987588674091574,0.0012411325908425,0,0
0.9698475893311662,0.0301524106688339,0,0
0.9882629487411364,0.0117370512588637,0,0
0.9979797486314288,0.0020202513685712,0,0
0.9549425927214096,0.0450574072785903,0,0
0.9849268709051644,0.0150731290948357,0,0
0.9981841025232676,0.0018158974767323,0,0
0.996821527096224,0.003178472903776,0,0
0.9945566670506236,0.0054433329493765,0,0
0.9988575275003624,0.0011424724996376,0,0
0.9837279936685336,0.0162720063314663,0,0
0.99658127949799,0.0034187205020097,0,0
0.9705355335282818,0.0294644664717181,0,0
0.9825044460766614,0.0174955539233385,0,0
0.9920924274995064,0.0079075725004935,0,0
0.9988543978165684,0.0011456021834316,0,0
0.9803425730074612,0.0196574269925387,0,0
0.9684525548646596,0.0315474451353404,0,0
0.9857917312052816,0.0142082687947182,0,0
0.9844615980213992,0.0155384019786009,0,0
0.991045116276502,0.0089548837234979,0,0
0.9990385341352668,0.0009614658647332,0,0
0.958664751421418,0.0413352485785821,0,0
0.3267402553912153,0.6732597446087848,0,1
0.994400016666795,0.005599983333205,0,0
0.9958203271252176,0.0041796728747824,0,0
0.9915290666045162,0.0084709333954837,0,0
0.9954255768050528,0.0045744231949472,0,0
0.9994012167705372,0.0005987832294629,0,0
0.995137851685556,0.0048621483144439,0,0
0.9997319369110512,0.0002680630889486,0,0
0.9894398242623628,0.0105601757376372,0,0
0.8347031443957168,0.1652968556042832,0,0
0.0215860422551261,0.9784139577448738,0,1
0.998607361595944,0.0013926384040558,0,0
0.998251165588384,0.0017488344116158,0,0
0.9886729248074974,0.0113270751925026,0,0
0.9809111046416068,0.0190888953583932,0,0
0.9945297809098582,0.0054702190901418,0,0
0.6680413737005225,0.3319586262994775,0,0
0.8678416295857476,0.1321583704142523,0,0
0.9897529395660576,0.0102470604339425,0,0
0.9802544155560086,0.0197455844439915,0,0
0.9941013927601609,0.0058986072398392,0,0
0.9941445002545394,0.0058554997454607,0,0
0.9993101142963676,0.0006898857036324,0,0
0.9988632738958272,0.0011367261041727,0,0
0.6641175773702443,0.3358824226297555,0,0
0.9799316820270936,0.0200683179729064,0,0
0.9959542749484958,0.0040457250515041,0,0
0.9355289840842126,0.0644710159157871,0,0
0.999148258599508,0.000851741400492,0,0
0.9902237913859984,0.0097762086140017,0,0
0.9300350733924194,0.0699649266075804,0,0
0.9988414231610004,0.0011585768389997,0,0
0.9962437551596094,0.0037562448403905,0,0
0.1547746067508092,0.8452253932491905,0,1
0.9866062665268994,0.0133937334731006,0,0
0.9966856416472007,0.0033143583527991,0,0
0.9893569139914112,0.010643086008589,0,0
0.7813351693590647,0.2186648306409353,0,0
0.9932957165778582,0.0067042834221417,0,0
0.9972397350122,0.0027602649877999,0,0
0.998235307514178,0.001764692485822,0,0
0.991568459139384,0.0084315408606159,0,0
0.9972777106561492,0.0027222893438509,0,0
0.8347031443957168,0.1652968556042832,0,0
0.9916851423615878,0.0083148576384121,0,0
0.9987329442164166,0.0012670557835835,0,0
0.9915014536720334,0.0084985463279666,0,0
0.9967924167487084,0.0032075832512913,0,0
0.9975851865982014,0.0024148134017985,0,0
0.9929785903246644,0.0070214096753358,0,0
0.9917237461077912,0.0082762538922088,0,0
0.6995278069380858,0.3004721930619139,0,0
0.9960436197355964,0.0039563802644036,0,0
0.9925946050613564,0.0074053949386435,0,0
0.97445689705354,0.0255431029464601,0,0
0.994163938226552,0.0058360617734479,0,0
0.9961268669769856,0.0038731330230144,0,0
0.9906231249834794,0.0093768750165207,0,0
0.9451715099096596,0.0548284900903401,0,0
0.9937155199422784,0.0062844800577216,0,0
0.8386832485258385,0.1613167514741614,0,0
0.229163918126948,0.7708360818730519,0,1
0.9590492801870796,0.0409507198129205,0,0
0.9939858250137584,0.0060141749862414,0,0
0.9873632269161092,0.0126367730838907,0,0
0.9971155841130104,0.0028844158869893,0,0
0.9983090852773412,0.001690914722659,0,0
0.9970307769982922,0.0029692230017078,0,0
0.9982447492609088,0.0017552507390911,0,0
0.8272254298458785,0.1727745701541213,0,0
0.9860640411653558,0.0139359588346442,0,0
0.9555598984072796,0.0444401015927205,0,0
0.9760690952723448,0.0239309047276551,0,0
0.9932066217196616,0.0067933782803384,0,0
0.9939912794057087,0.0060087205942912,0,0
0.3647871646300348,0.635212835369965,0,1
0.9814014146772678,0.018598585322732,0,0
0.3186745979921523,0.6813254020078477,0,1
0.9960315654883996,0.0039684345116003,0,0
0.9988930169197294,0.0011069830802706,0,0
0.9963251574810276,0.0036748425189722,0,0
0.9918909762347634,0.0081090237652365,0,0
0.9588587594061112,0.0411412405938888,0,0
0.6705769045190868,0.3294230954809132,0,0
0.908347428732872,0.0916525712671278,0,0
0.9965349176024024,0.0034650823975977,0,0
0.9972413084195972,0.0027586915804026,0,0
0.994734882793856,0.0052651172061441,0,0
0.9965588103649224,0.0034411896350776,0,0
0.9970782712070434,0.0029217287929566,0,0
0.998794573413228,0.0012054265867721,0,0
0.9981181824963724,0.0018818175036277,0,0
0.9410298174798348,0.058970182520165,0,0
0.9919745097975304,0.0080254902024697,0,0
0.9766520811510684,0.0233479188489315,0,0
0.9897451001236932,0.0102548998763066,0,0
0.980897328232746,0.0191026717672539,0,0
0.3087484286095644,0.6912515713904355,0,1
0.9978114637771354,0.0021885362228645,0,0
0.987621123285466,0.012378876714534,0,0
0.9912771356197062,0.0087228643802938,0,0
0.9892365106222496,0.0107634893777504,0,0
0.941417970784028,0.0585820292159718,0,0
0.9960546055808214,0.0039453944191787,0,0
0.9603967772588452,0.039603222741155,0,0
0.9965334807989984,0.0034665192010017,0,0
0.9969513065210616,0.0030486934789384,0,0
0.9812234671145044,0.0187765328854955,0,0
0.994861086282008,0.005138913717992,0,0
0.6118687458351418,0.3881312541648582,0,0
0.9888932589374514,0.0111067410625485,0,0
0.9507605409632368,0.0492394590367632,0,0
0.0623990449531313,0.9376009550468686,0,1
0.9962164081920054,0.0037835918079945,0,0
0.9969408944551652,0.0030591055448348,0,0
0.8923657257377641,0.1076342742622359,0,0
0.9933828967231662,0.0066171032768339,0,0
0.9974691434000288,0.0025308565999709,0,0
0.027671931879372,0.972328068120628,0,1
0.9984187349739404,0.0015812650260594,0,0
0.996377850343326,0.0036221496566739,0,0
0.977285432601112,0.0227145673988879,0,0
0.0056794315207319,0.994320568479268,0,1
0.9753000070055212,0.0246999929944787,0,0
0.9320167958200586,0.0679832041799413,0,0
0.998774850121548,0.0012251498784519,0,0
0.9925697675368728,0.0074302324631273,0,0
0.9913765022761032,0.0086234977238968,0,0
0.9718908119888268,0.0281091880111733,0,0
0.9382255557110356,0.0617744442889644,0,0
0.9638339349374508,0.0361660650625492,0,0
0.997875010962711,0.002124989037289,0,0
0.9861871214305068,0.0138128785694934,0,0
0.9824265647629912,0.0175734352370089,0,0
0.9898398035116392,0.0101601964883607,0,0
0.996700352884738,0.0032996471152618,0,0
0.9478968533948168,0.0521031466051832,0,0
0.9961290570004596,0.0038709429995402,0,0
0.9747956015082726,0.0252043984917273,0,0
0.9970713986679568,0.0029286013320431,0,0
0.9851883315965332,0.0148116684034668,0,0
0.907323753405364,0.092676246594636,0,0
0.9979745126765808,0.0020254873234193,0,0
0.994440255254486,0.0055597447455139,0,0
0.9983477214409464,0.0016522785590536,0,0
0.9097854429472568,0.0902145570527431,0,0
0.2383134448865686,0.7616865551134315,0,1
0.9980618245986432,0.0019381754013569,0,0
0.9911170395192692,0.0088829604807307,0,0
0.9992355052883948,0.0007644947116053,0,0
0.1207118257197506,0.8792881742802496,0,1
0.9937444514718357,0.0062555485281643,0,0
0.9807295564650468,0.019270443534953,0,0
0.8979898683865764,0.1020101316134237,0,0
0.967205182289188,0.0327948177108119,0,0
0.9957725993055055,0.0042274006944944,0,0
0.9901273644480284,0.0098726355519716,0,0
0.963856417732184,0.0361435822678158,0,0
0.995786970649464,0.004213029350536,0,0
0.9984360133616142,0.0015639866383856,0,0
0.9945754440002152,0.0054245559997847,0,0
0.9978788738833628,0.0021211261166372,0,0
0.993002847903968,0.0069971520960321,0,0
0.9959923569283348,0.0040076430716652,0,0
0.9960720035454638,0.0039279964545362,0,0
0.9891361680800288,0.0108638319199713,0,0
0.9945012180616898,0.0054987819383103,0,0
0.9986106198977244,0.0013893801022755,0,0
0.9867606329930132,0.0132393670069868,0,0
0.9947035897512644,0.0052964102487358,0,0
0.980998395818235,0.019001604181765,0,0
0.9980612751026392,0.0019387248973608,0,0
0.9897865318457424,0.0102134681542577,0,0
0.9882003715472412,0.0117996284527587,0,0
0.9978848355932536,0.0021151644067464,0,0
0.9916595418433458,0.0083404581566541,0,0
0.9967400415434016,0.0032599584565982,0,0
0.9961652271381144,0.0038347728618856,0,0
0.599720431814144,0.4002795681858559,0,0
0.9907371351126012,0.0092628648873988,0,0
0.9795091287824316,0.0204908712175682,0,0
0.0080949176947225,0.9919050823052776,0,1
0.9928372660364576,0.0071627339635424,0,0
0.4587431296278007,0.5412568703721994,0,0
0.972823999451186,0.0271760005488137,0,0
0.991590717352353,0.0084092826476468,0,0
0.997676659590592,0.0023233404094078,0,0
0.9976538460581104,0.0023461539418895,0,0
0.999179236888223,0.0008207631117771,0,0
0.9726178215023494,0.0273821784976506,0,0
0.939655793018428,0.060344206981572,0,0
0.9062765861461004,0.0937234138538999,0,0
0.9914299955238052,0.0085700044761948,0,0
0.9992857962278732,0.0007142037721265,0,0
0.9960637168663592,0.0039362831336406,0,0
0.9447511156059218,0.0552488843940781,0,0
0.995548998628796,0.004451001371204,0,0
0.8598634061488476,0.1401365938511524,0,0
0.8389686729247543,0.1610313270752457,0,0
0.9973787353380724,0.0026212646619276,0,0
0.991605568908608,0.0083944310913919,0,0
0.9941327419468377,0.0058672580531624,0,0
0.985596834278633,0.0144031657213671,0,0
0.9982148770681774,0.0017851229318228,0,0
0.9878578017019376,0.0121421982980624,0,0
0.9977942270810926,0.0022057729189074,0,0
0.9881502991722112,0.0118497008277886,0,0
0.9914453609128094,0.0085546390871906,0,0
0.9969924289268944,0.0030075710731054,0,0
0.5050668642380517,0.4949331357619481,0,0
0.8183563455894601,0.18164365441054,0,0
0.998653376661745,0.0013466233382549,0,0
0.9966273459080842,0.0033726540919158,0,0
0.9989346354737036,0.0010653645262964,0,0
0.843409153543436,0.1565908464565639,0,0
0.9982080462814124,0.0017919537185875,0,0
0.9977108710054,0.0022891289946,0,0
0.987711067965401,0.0122889320345991,0,0
0.9935508209727985,0.0064491790272015,0,0
0.9956963519076902,0.0043036480923099,0,0
0.9820980851827216,0.0179019148172781,0,0
0.9503113158849756,0.0496886841150244,0,0
0.9766724122300008,0.023327587769999,0,0
0.6994092679305146,0.3005907320694854,0,0
0.9944892570275734,0.0055107429724267,0,0
0.9941096300091092,0.0058903699908908,0,0
0.980139282345223,0.0198607176547769,0,0
0.9798432229405702,0.0201567770594297,0,0
0.9886100894777488,0.0113899105222511,0,0
0.9980213584175602,0.0019786415824398,0,0
0.990630088882384,0.0093699111176158,0,0
0.9844241491848827,0.015575850815117,0,0
0.9357029318810388,0.064297068118961,0,0
0.9979234606167036,0.0020765393832963,0,0
0.963008463657257,0.036991536342743,0,0
0.9942025134985372,0.0057974865014629,0,0
0.7102596523203738,0.289740347679626,0,0
0.9791101612608876,0.0208898387391126,0,0
0.9902770630522144,0.0097229369477854,0,0
0.9987457608693198,0.0012542391306801,0,0
0.9732798502491256,0.0267201497508744,0,0
0.9500287399700516,0.0499712600299485,0,0
0.967819535813402,0.0321804641865982,0,0
0.996881629207859,0.0031183707921409,0,0
0.9991663284604372,0.0008336715395629,0,0
0.9739765923404288,0.026023407659571,0,0
0.9969641943502562,0.0030358056497439,0,0
0.9977044819719072,0.0022955180280928,0,0
0.9956920839339768,0.0043079160660233,0,0
0.9971891230379402,0.0028108769620597,0,0
0.9977077876490744,0.0022922123509254,0,0
0.9886808208600808,0.0113191791399192,0,0
0.7517252692982135,0.2482747307017862,0,0
0.9961287418037388,0.0038712581962612,0,0
0.0577677972218421,0.942232202778158,0,1
0.977736410636694,0.0222635893633058,0,0
0.999274181652974,0.0007258183470258,0,0
0.9953249609513598,0.0046750390486402,0,0
0.99241726525182,0.0075827347481801,0,0
0.9946491904776962,0.0053508095223037,0,0
0.9960264042047796,0.0039735957952202,0,0
0.9983283613316152,0.0016716386683848,0,0
0.7653956147181763,0.2346043852818237,0,0
0.99670240418084,0.0032975958191602,0,0
0.0132680864663195,0.9867319135336804,0,1
0.9975885286654916,0.0024114713345084,0,0
0.8447378487561694,0.1552621512438305,0,0
0.9951232293342848,0.0048767706657152,0,0
0.992123701499132,0.0078762985008679,0,0
0.8409754885339742,0.1590245114660259,0,0
0.9976378589638644,0.0023621410361355,0,0
0.908788257131466,0.0912117428685339,0,0
0.9963275451620474,0.0036724548379525,0,0
0.9967166919740988,0.0032833080259012,0,0
0.9896262164281184,0.0103737835718815,0,0
0.9980846408612788,0.0019153591387211,0,0
0.9581878477936308,0.041812152206369,0,0
0.993196537445215,0.0068034625547849,0,0
0.9898050418639688,0.0101949581360312,0,0
0.9490305248559529,0.0509694751440472,0,0
0.994430785630571,0.005569214369429,0,0
0.9867145199382794,0.0132854800617206,0,0
0.7442584935947113,0.2557415064052885,0,0
0.9390457099055444,0.0609542900944557,0,0
0.9989118426971668,0.0010881573028332,0,0
0.9973980225526172,0.0026019774473828,0,0
0.996191429250084,0.0038085707499161,0,0
0.995533343972398,0.0044666560276019,0,0
0.99825069231113,0.0017493076888698,0,0
0.9863203032487802,0.0136796967512198,0,0
0.9954474524458792,0.0045525475541208,0,0
0.9968336269735404,0.0031663730264596,0,0
0.8210704840268853,0.1789295159731147,0,0
0.9940348040663242,0.0059651959336757,0,0
0.9907239114982554,0.0092760885017446,0,0
0.9854807126234688,0.0145192873765313,0,0
0.9746997970375044,0.0253002029624956,0,0
0.6336253645231206,0.3663746354768794,0,0
0.9975815264381512,0.0024184735618488,0,0
0.0732363076886099,0.92676369231139,0,1
0.9912914223930712,0.0087085776069289,0,0
0.9802648499925264,0.0197351500074736,0,0
0.9782311831101684,0.0217688168898315,0,0
0.9890494058459478,0.0109505941540521,0,0
0.996505978730896,0.0034940212691038,0,0
0.9842047651739476,0.0157952348260522,0,0
0.9990540725400991,0.0009459274599007,0,0
0.997974045413764,0.0020259545862359,0,0
0.9960346703312968,0.003965329668703,0,0
0.9991259548782796,0.0008740451217204,0,0
0.9793551692288018,0.0206448307711982,0,0
0.996477960663556,0.0035220393364442,0,0
0.9899170517060438,0.0100829482939562,0,0
0.9877778234587752,0.0122221765412247,0,0
0.9876847132471828,0.0123152867528174,0,0
0.6777829769903447,0.3222170230096555,0,0
0.990296958867336,0.0097030411326641,0,0
0.6085258854638987,0.3914741145361012,0,0
0.7755427629842013,0.2244572370157983,0,0
0.993884831209896,0.0061151687901039,0,0
0.989764276283727,0.010235723716273,0,0
0.9970647275592932,0.0029352724407067,0,0
0.9996432516445742,0.0003567483554258,0,0
0.998278980820454,0.0017210191795459,0,0
0.9892733782706344,0.0107266217293653,0,0
0.9972555625790726,0.0027444374209275,0,0
0.9536549308161324,0.0463450691838674,0,0
0.9745219303084068,0.0254780696915932,0,0
0.9023569969061268,0.0976430030938732,0,0
0.963175438834399,0.0368245611656008,0,0
0.998893434298078,0.001106565701922,0,0
0.9927678816583368,0.007232118341663,0,0
0.9978207470614932,0.0021792529385068,0,0
0.993341701807128,0.0066582981928718,0,0
0.9945152606916492,0.0054847393083509,0,0
0.9977506225840782,0.0022493774159217,0,0
0.8963566364017735,0.1036433635982263,0,0
0.9912337253282424,0.0087662746717577,0,0
0.9953756887246992,0.0046243112753007,0,0
0.9073840762231672,0.092615923776833,0,0
0.9983691278743168,0.0016308721256832,0,0
0.942875855565587,0.057124144434413,0,0
0.946582284380249,0.0534177156197508,0,0
0.8500392446931684,0.1499607553068315,0,0
0.997630112663349,0.002369887336651,0,0
0.9867847261403706,0.0132152738596293,0,0
0.9958570761562352,0.0041429238437648,0,0
0.9809228115518652,0.0190771884481347,0,0
0.9518007668855676,0.0481992331144324,0,0
0.996659853203794,0.003340146796206,0,0
0.9974137168641204,0.0025862831358795,0,0
0.9955084370241198,0.0044915629758801,0,0
0.9923991923595828,0.0076008076404172,0,0
0.9774315760141832,0.0225684239858168,0,0
0.9906353817992156,0.0093646182007844,0,0
0.997433830724965,0.0025661692750348,0,0
0.992849405035285,0.0071505949647148,0,0
0.9962436844356688,0.0037563155643313,0,0
0.9896360669411728,0.0103639330588271,0,0
0.9965174107994044,0.0034825892005956,0,0
0.9907099386868962,0.0092900613131038,0,0
0.988203490557072,0.011796509442928,0,0
0.9978117985879634,0.0021882014120366,0,0
0.9989164720054726,0.0010835279945273,0,0
0.9873039045324746,0.0126960954675252,0,0
0.9996345610820304,0.0003654389179695,0,0
0.9956945693024184,0.0043054306975814,0,0
0.9583695119333854,0.0416304880666146,0,0
0.987645897285484,0.0123541027145162,0,0
0.9943361154615292,0.0056638845384706,0,0
0.998304655910152,0.0016953440898479,0,0
0.9984651144762268,0.0015348855237731,0,0
0.993492887148267,0.006507112851733,0,0
0.9991649940323704,0.0008350059676295,0,0
0.9933050313830932,0.0066949686169067,0,0
0.9841188449634888,0.0158811550365113,0,0
0.989779819557582,0.0102201804424179,0,0
0.9950368577008972,0.0049631422991028,0,0
0.9871842587467488,0.012815741253251,0,0
0.99327210775822,0.0067278922417799,0,0
0.9981553273814804,0.0018446726185196,0,0
0.919361898648209,0.0806381013517908,0,0
0.9943599626116546,0.0056400373883454,0,0
0.9985301641586596,0.0014698358413403,0,0
0.9989233379680876,0.0010766620319125,0,0
0.9926295938587968,0.007370406141203,0,0
0.9834540816504674,0.0165459183495326,0,0
0.9974254164521033,0.0025745835478968,0,0
0.961574849210218,0.0384251507897821,0,0
0.9998269672256676,0.0001730327743325,0,0
0.9926254689338064,0.0073745310661934,0,0
0.9878298154939488,0.0121701845060511,0,0
0.9612720925943422,0.0387279074056578,0,0
0.992947067789957,0.007052932210043,0,0
0.9834359817860786,0.0165640182139213,0,0
0.9933545229983628,0.0066454770016369,0,0
0.9430221581141144,0.0569778418858858,0,0
0.94271069344282,0.0572893065571799,0,0
0.3498554801889409,0.6501445198110589,0,1
0.9925156143890213,0.0074843856109787,0,0
0.9863242135460744,0.0136757864539255,0,0
0.996515001318948,0.003484998681052,0,0
0.997364344483326,0.0026356555166738,0,0
0.9696069500549525,0.0303930499450478,0,0
0.985175954259616,0.014824045740384,0,0
0.9941501069467256,0.0058498930532742,0,0
0.9769988942708948,0.0230011057291051,0,0
0.9978518475520431,0.0021481524479568,0,0
0.997221717105232,0.0027782828947682,0,0
0.9936491548417604,0.0063508451582397,0,0
0.996536638091406,0.0034633619085938,0,0
0.9233587051216492,0.0766412948783506,0,0
0.9988785056657474,0.0011214943342524,0,0
0.8631028729817317,0.1368971270182682,0,0
0.9961644901927428,0.0038355098072571,0,0
0.985770521604888,0.0142294783951119,0,0
0.9912770998173216,0.0087229001826783,0,0
0.9873907021771569,0.012609297822843,0,0
0.9974722964310608,0.0025277035689393,0,0
0.980331012060838,0.0196689879391618,0,0
0.994091362864057,0.0059086371359429,0,0
0.9947855389441096,0.0052144610558902,0,0
0.9823088088102544,0.0176911911897456,0,0
0.999449948615764,0.0005500513842361,0,0
0.9629099273795692,0.0370900726204308,0,0
0.985081165780805,0.0149188342191949,0,0
0.9876775582286365,0.0123224417713636,0,0
0.892256328835863,0.1077436711641368,0,0
0.9727095104039456,0.0272904895960544,0,0
0.8759182176552007,0.1240817823447993,0,0
0.9977752791302684,0.0022247208697315,0,0
0.9953040262200612,0.0046959737799386,0,0
0.9978117075806364,0.0021882924193634,0,0
0.9069283487096244,0.0930716512903757,0,0
0.9694455385107364,0.0305544614892635,0,0
0.1389112931097537,0.8610887068902463,0,1
0.9893110923997795,0.0106889076002203,0,0
0.9969005757110864,0.0030994242889137,0,0
0.991167843003096,0.0088321569969039,0,0
0.9945929871050124,0.0054070128949877,0,0
0.9055457358658274,0.0944542641341724,0,0
0.9900243592729248,0.0099756407270752,0,0
0.8769157505281516,0.1230842494718485,0,0
0.7487090845620589,0.2512909154379411,0,0
0.918435843122353,0.0815641568776472,0,0
0.9391706602076076,0.0608293397923923,0,0
0.9984303390726542,0.0015696609273459,0,0
0.7110532810509739,0.2889467189490262,0,0
0.9844298830964237,0.0155701169035763,0,0
0.9782653800868458,0.0217346199131542,0,0
0.8831562740233131,0.1168437259766871,0,0
0.9772100697467436,0.0227899302532562,0,0
0.9969785701202196,0.0030214298797804,0,0
0.9889906847313134,0.0110093152686867,0,0
0.9953928895321834,0.0046071104678167,0,0
0.994314878764218,0.005685121235782,0,0
0.9798811706565738,0.0201188293434263,0,0
0.9787007545371228,0.0212992454628772,0,0
0.0685207367682271,0.9314792632317728,0,1
0.9817139854084718,0.0182860145915284,0,0
0.9980225363895476,0.0019774636104523,0,0
0.9954975519947944,0.0045024480052053,0,0
0.9983837450410692,0.0016162549589309,0,0
0.902287488552337,0.0977125114476629,0,0
0.977693630601502,0.022306369398498,0,0
0.6362255236876653,0.3637744763123347,0,0
0.9937712457241866,0.0062287542758132,0,0
0.9913417115388647,0.0086582884611352,0,0
0.992213409127541,0.0077865908724589,0,0
0.0404789746980749,0.9595210253019248,0,1
0.9968034895910056,0.0031965104089943,0,0
0.995409294329884,0.0045907056701159,0,0
0.8641619152456943,0.135838084754306,0,0
0.9536818385210836,0.0463181614789165,0,0
0.9834302267197554,0.0165697732802446,0,0
0.9849944069264596,0.0150055930735403,0,0
0.9995090976415032,0.0004909023584968,0,0
0.9985034060006098,0.0014965939993902,0,0
0.9981487397148302,0.0018512602851698,0,0
0.9919264266527236,0.0080735733472763,0,0
0.993424961765304,0.0065750382346958,0,0
0.950485069598182,0.0495149304018179,0,0
0.9445820562026448,0.0554179437973553,0,0
0.9763037005927018,0.023696299407298,0,0
0.9956539839916632,0.0043460160083366,0,0
0.953420122188586,0.0465798778114142,0,0
0.945329705031286,0.0546702949687139,0,0
0.9220958171291684,0.0779041828708316,0,0
0.0192526817399722,0.9807473182600278,0,1
0.9967034414729312,0.0032965585270686,0,0
0.9981909895878583,0.0018090104121416,0,0
0.9907642294558076,0.0092357705441925,0,0
0.992098228129276,0.007901771870724,0,0
0.9791389283789764,0.0208610716210235,0,0
0.990148907506556,0.0098510924934439,0,0
0.991346352849217,0.0086536471507829,0,0
0.976675874766902,0.0233241252330978,0,0
0.9732238218639256,0.0267761781360743,0,0
0.9950252665948928,0.0049747334051072,0,0
0.995817095784324,0.004182904215676,0,0
0.9868655168705046,0.0131344831294954,0,0
0.9929674656630744,0.0070325343369255,0,0
0.9923234104006984,0.0076765895993014,0,0
0.7719418261432038,0.2280581738567962,0,0
0.846728190841385,0.1532718091586153,0,0
0.9497225988714968,0.0502774011285033,0,0
0.994904435294152,0.0050955647058479,0,0
0.9423970026100704,0.0576029973899295,0,0
0.9947681006410952,0.0052318993589045,0,0
0.9018107747673616,0.0981892252326383,0,0
0.9982801507687526,0.0017198492312472,0,0
0.9326021511760038,0.0673978488239961,0,0
0.9684898528628644,0.0315101471371356,0,0
0.9922104966511466,0.0077895033488534,0,0
0.9358094972856156,0.0641905027143845,0,0
0.999604499265302,0.0003955007346979,0,0
0.9312591097040552,0.0687408902959447,0,0
0.8620634666383629,0.1379365333616369,0,0
0.9983317961742192,0.0016682038257809,0,0
0.9070612967617274,0.0929387032382725,0,0
0.974128933708176,0.0258710662918238,0,0
0.9963914692107468,0.0036085307892531,0,0
0.9889275700391712,0.0110724299608287,0,0
0.4597348513435914,0.5402651486564086,0,0
0.3788645408507721,0.6211354591492281,0,1
0.9956565804180992,0.0043434195819005,0,0
0.6689587071346548,0.3310412928653453,0,0
0.9912959763483206,0.0087040236516794,0,0
0.8545045232585404,0.1454954767414595,0,0
0.973151220423992,0.0268487795760079,0,0
0.9884209925455076,0.0115790074544923,0,0
0.9883376476953464,0.0116623523046536,0,0
0.9953032330899548,0.0046967669100451,0,0
0.0084760827350104,0.9915239172649896,0,1
0.9770330514592074,0.0229669485407926,0,0
0.9957256211923065,0.0042743788076936,0,0
0.9810702469979684,0.0189297530020316,0,0
0.9940217956353592,0.0059782043646409,0,0
0.7636314556729681,0.236368544327032,0,0
0.9940283945101648,0.005971605489835,0,0
0.9912531323593304,0.0087468676406695,0,0
0.9901848089306904,0.0098151910693096,0,0
0.9820158459645348,0.0179841540354651,0,0
0.9998002012896618,0.0001997987103382,0,0
0.9913936401857724,0.0086063598142274,0,0
0.9905451701480912,0.0094548298519087,0,0
0.1847242612291182,0.8152757387708817,0,1
0.599720431814144,0.4002795681858559,0,0
0.994072416636698,0.0059275833633018,0,0
0.9919804530957186,0.0080195469042813,0,0
0.9962869449749052,0.0037130550250947,0,0
0.3934615479049421,0.6065384520950576,0,1
0.974936049733476,0.0250639502665238,0,0
0.9990970624710568,0.0009029375289434,0,0
0.991384867900416,0.0086151320995839,0,0
0.9667688933131596,0.0332311066868404,0,0
0.9783764841111252,0.0216235158888746,0,0
0.9141020341959664,0.0858979658040336,0,0
0.986340345060643,0.0136596549393568,0,0
0.99910571722705,0.00089428277295,0,0
0.996179470493366,0.0038205295066339,0,0
0.9830290785534748,0.0169709214465252,0,0
0.9947286801966142,0.0052713198033857,0,0
0.8755138291930641,0.1244861708069357,0,0
0.9993125053916628,0.0006874946083371,0,0
0.9927360610014342,0.0072639389985658,0,0
0.9939441501573394,0.0060558498426606,0,0
0.9982185236407648,0.0017814763592352,0,0
0.9540493743924914,0.0459506256075086,0,0
0.9966208967236324,0.0033791032763675,0,0
0.9928164623280076,0.0071835376719922,0,0
0.9986551388434016,0.0013448611565981,0,0
0.994620480757775,0.005379519242225,0,0
0.9878076775589184,0.0121923224410816,0,0
0.9870499296239296,0.0129500703760706,0,0
0.9552360205628032,0.0447639794371967,0,0
0.9959183969697628,0.0040816030302373,0,0
0.9988150761858136,0.0011849238141863,0,0
0.9958585866191296,0.0041414133808703,0,0
0.919738450075053,0.0802615499249471,0,0
0.9963419978318546,0.0036580021681453,0,0
0.895762212749716,0.104237787250284,0,0
0.9719828264390056,0.0280171735609946,0,0
0.997649375718928,0.002350624281072,0,0
0.9688331395025754,0.0311668604974245,0,0
0.9316513499644988,0.0683486500355013,0,0
0.9974385256848732,0.0025614743151265,0,0
0.997017218202743,0.0029827817972569,0,0
0.9991402904963556,0.0008597095036443,0,0
0.8562184855756484,0.1437815144243516,0,0
0.8088484696633348,0.1911515303366653,0,0
0.9525298564043266,0.0474701435956734,0,0
0.987763017552862,0.0122369824471379,0,0
0.9957594951740224,0.0042405048259777,0,0
0.8669144029112283,0.1330855970887715,0,0
0.8797902794936748,0.1202097205063253,0,0
0.98912884053253,0.0108711594674698,0,0
0.9964244848713674,0.0035755151286325,0,0
0.9978145630259811,0.0021854369740189,0,0
0.9930136180129668,0.0069863819870332,0,0
0.9943495404342242,0.0056504595657757,0,0
0.969741876470388,0.0302581235296122,0,0
0.9627961742048288,0.0372038257951711,0,0
0.8526687338954623,0.1473312661045376,0,0
0.992340891766648,0.0076591082333523,0,0
0.9989197309372904,0.0010802690627097,0,0
0.9917469088108906,0.0082530911891094,0,0
0.9857940290499992,0.0142059709500008,0,0
0.9954363404388284,0.0045636595611715,0,0
0.9559721678795944,0.0440278321204055,0,0
0.9933318666732622,0.0066681333267378,0,0
0.9943725145341036,0.0056274854658962,0,0
0.9951530821291128,0.004846917870887,0,0
0.9949570748837232,0.0050429251162769,0,0
0.9893966400213042,0.0106033599786957,0,0
0.9660643397128156,0.0339356602871844,0,0
0.9952937899541184,0.0047062100458814,0,0
0.9688886698470563,0.0311113301529433,0,0
0.8435272294863558,0.1564727705136439,0,0
0.9901451660641174,0.0098548339358825,0,0
0.9944462107190964,0.0055537892809034,0,0
0.9033212145696028,0.0966787854303973,0,0
0.9758677291816334,0.0241322708183666,0,0
0.9920259743508196,0.0079740256491804,0,0
0.995239856941831,0.0047601430581689,0,0
0.9863517380544324,0.0136482619455676,0,0
0.9980829403623352,0.0019170596376647,0,0
0.9292868422050526,0.0707131577949474,0,0
0.8723445464273502,0.1276554535726497,0,0
0.9950326697398376,0.0049673302601625,0,0
0.9972555625790726,0.0027444374209275,0,0
0.9547058462774288,0.0452941537225711,0,0
0.994644841845323,0.0053551581546771,0,0
0.9954196588443416,0.0045803411556585,0,0
0.993594857160824,0.006405142839176,0,0
0.9989705244486428,0.0010294755513572,0,0
0.8978820020614593,0.1021179979385408,0,0
0.9976689466520418,0.0023310533479581,0,0
0.9940025332560196,0.0059974667439805,0,0
0.9976974071423164,0.0023025928576838,0,0
0.8555512728471381,0.1444487271528619,0,0
0.9814674293525916,0.0185325706474086,0,0
0.9966376338382475,0.0033623661617523,0,0
0.9972730216568424,0.0027269783431575,0,0
0.9959924032877712,0.0040075967122287,0,0
0.9962332285673,0.0037667714327001,0,0
0.9870947372204608,0.0129052627795391,0,0
0.9966329784196868,0.003367021580313,0,0
0.9990570275447088,0.000942972455291,0,0
0.9906355617871628,0.0093644382128372,0,0
0.9023907010413166,0.0976092989586835,0,0
0.94035145073537,0.0596485492646301,0,0
0.9960829187879056,0.0039170812120944,0,0
0.9926376470899508,0.0073623529100492,0,0
0.9985850782967296,0.0014149217032703,0,0
0.9973993653604254,0.0026006346395746,0,0
0.9824960426541192,0.0175039573458806,0,0
0.998119248125605,0.001880751874395,0,0
0.985270574371059,0.0147294256289408,0,0
0.9288625607755556,0.071137439224444,0,0
0.7864614328049181,0.2135385671950818,0,0
0.99789436891304,0.0021056310869599,0,0
0.9801790854132046,0.0198209145867955,0,0
0.9631847293295432,0.036815270670457,0,0
0.99945307671485,0.0005469232851499,0,0
0.9988621664190556,0.0011378335809445,0,0
0.9442851551991917,0.0557148448008084,0,0
0.994616961171888,0.0053830388281119,0,0
0.9688681570358376,0.0311318429641623,0,0
0.9934516696802708,0.0065483303197294,0,0
0.992108130066059,0.0078918699339409,0,0
0.9955798972286348,0.0044201027713652,0,0
0.988545366952436,0.0114546330475639,0,0
0.99847431461696,0.0015256853830399,0,0
0.7186794394981235,0.2813205605018763,0,0
0.9881998952848762,0.0118001047151239,0,0
0.9935533558468642,0.0064466441531358,0,0
0.9913507349609596,0.0086492650390405,0,0
0.9983118275077468,0.0016881724922532,0,0
0.998636697343759,0.001363302656241,0,0
0.985847233790802,0.014152766209198,0,0
0.993957051048588,0.0060429489514118,0,0
0.9719909569582004,0.0280090430417997,0,0
0.9920840230200274,0.0079159769799725,0,0
0.9971072333443426,0.0028927666556573,0,0
0.9984964285483088,0.0015035714516913,0,0
0.9970963068693012,0.0029036931306987,0,0
0.9058201695742456,0.0941798304257542,0,0
0.9670255007034498,0.0329744992965501,0,0
0.9944338995676376,0.0055661004323622,0,0
0.6585626867528955,0.3414373132471045,0,0
0.185440639081208,0.8145593609187919,0,1
0.9961370262998284,0.0038629737001714,0,0
0.9926331481811994,0.0073668518188005,0,0
0.9793558379649662,0.0206441620350338,0,0
0.9883434992707656,0.0116565007292341,0,0
0.9978357750979931,0.0021642249020068,0,0
0.9866268336320052,0.0133731663679949,0,0
0.9756278888592702,0.0243721111407297,0,0
0.878314072581066,0.1216859274189341,0,0
0.9950859435510008,0.0049140564489992,0,0
0.8813590445640161,0.1186409554359836,0,0
0.9710338472152814,0.0289661527847186,0,0
0.9881676491443592,0.0118323508556407,0,0
0.995299703011466,0.004700296988534,0,0
0.9971666641431988,0.0028333358568011,0,0
0.945427629335316,0.054572370664684,0,0
0.9919981265579862,0.0080018734420136,0,0
0.9976007190318632,0.0023992809681369,0,0
0.9978673569066582,0.0021326430933417,0,0
0.9955506762590915,0.0044493237409083,0,0
0.988218816439151,0.0117811835608488,0,0
0.9936463467014688,0.0063536532985312,0,0
0.996760472730086,0.0032395272699138,0,0
0.9921490167971658,0.0078509832028341,0,0
0.8791916408610031,0.1208083591389967,0,0
0.9990195179124444,0.0009804820875558,0,0
0.9881055077561074,0.0118944922438926,0,0
0.9622803466365768,0.0377196533634233,0,0
0.9960027293002952,0.0039972706997048,0,0
0.9918345389741742,0.0081654610258258,0,0
0.9974620712864218,0.0025379287135781,0,0
0.9973948953143752,0.0026051046856246,0,0
0.9961561340636372,0.0038438659363629,0,0
0.993800323040645,0.0061996769593549,0,0
0.9960691710390142,0.0039308289609859,0,0
0.9951840481491264,0.0048159518508735,0,0
0.970877185529862,0.0291228144701378,0,0
0.9936671403221232,0.0063328596778768,0,0
0.9750437847841428,0.0249562152158573,0,0
0.9742680712471504,0.0257319287528495,0,0
0.9620132140232792,0.0379867859767209,0,0
0.9992152330776318,0.0007847669223681,0,0
0.9952979980787064,0.0047020019212937,0,0
0.9833246871833572,0.0166753128166428,0,0
0.988610071500532,0.0113899284994679,0,0
0.994649870194021,0.005350129805979,0,0
0.9961119578458236,0.0038880421541765,0,0
0.9974626670755256,0.0025373329244744,0,0
0.8416607090132305,0.1583392909867694,0,0
0.9819045234300252,0.0180954765699746,0,0
0.9764956825259764,0.0235043174740235,0,0
0.9924686587312416,0.0075313412687585,0,0
0.8645436778069618,0.1354563221930382,0,0
0.994228946377692,0.0057710536223081,0,0
0.9757011651120452,0.0242988348879547,0,0
0.9847299065170274,0.0152700934829725,0,0
0.996692872658942,0.0033071273410577,0,0
0.9910351347194544,0.0089648652805454,0,0
0.8673985568573895,0.1326014431426102,0,0
0.9873357820404256,0.0126642179595744,0,0
0.9953979068020024,0.0046020931979976,0,0
0.9934887249159688,0.0065112750840311,0,0
0.970661708793203,0.029338291206797,0,0
0.9913991484240802,0.0086008515759198,0,0
0.6690987488869032,0.3309012511130967,0,0
0.9938267067857572,0.0061732932142427,0,0
0.9979533603085788,0.0020466396914212,0,0
0.9975217681524536,0.0024782318475463,0,0
0.9969327810569444,0.0030672189430556,0,0
0.9824269273437044,0.0175730726562957,0,0
0.9964680123518308,0.0035319876481689,0,0
0.9823706900599808,0.017629309940019,0,0
0.9897558865198512,0.0102441134801487,0,0
0.0763310320022225,0.9236689679977778,0,1
0.9536928023247896,0.0463071976752102,0,0
0.9921412589453148,0.007858741054685,0,0
0.9973640796185153,0.0026359203814847,0,0
0.996264653622668,0.0037353463773319,0,0
0.9798296776344994,0.0201703223655006,0,0
0.9904353502661728,0.0095646497338271,0,0
0.9903664556412152,0.009633544358785,0,0
0.997623843252467,0.002376156747533,0,0
0.9574997669632066,0.0425002330367932,0,0
0.987779468890722,0.0122205311092779,0,0
0.9876728614599164,0.0123271385400836,0,0
0.9913728093196842,0.0086271906803157,0,0
0.9988630638541708,0.0011369361458291,0,0
0.8621595596356314,0.1378404403643685,0,0
0.9889600680596592,0.0110399319403408,0,0
0.9976179979444916,0.0023820020555084,0,0
0.5994234334561293,0.4005765665438706,0,0
0.9888778122453984,0.0111221877546015,0,0
0.8663392968527056,0.1336607031472943,0,0
0.9708992966133848,0.029100703386615,0,0
0.9947280599268216,0.0052719400731784,0,0
0.993884608734167,0.006115391265833,0,0
0.9962117489355032,0.0037882510644967,0,0
0.9977373944511888,0.0022626055488111,0,0
0.994715772181714,0.0052842278182861,0,0
0.9991218658960876,0.0008781341039124,0,0
0.9991646822675276,0.0008353177324721,0,0
0.9932408465651044,0.0067591534348958,0,0
0.997993706675254,0.0020062933247461,0,0
0.7887707904602904,0.2112292095397096,0,0
0.9940861176736884,0.0059138823263114,0,0
0.8583213365880893,0.1416786634119106,0,0
0.9892118850370896,0.0107881149629104,0,0
0.976900140286648,0.0230998597133519,0,0
0.9904530840438937,0.0095469159561064,0,0
0.989259694304086,0.0107403056959137,0,0
0.7400584844691526,0.2599415155308472,0,0
0.006363143444752,0.993636856555248,0,1
0.9941860240894276,0.0058139759105722,0,0
0.9952806599888968,0.0047193400111033,0,0
0.9979564455098509,0.0020435544901491,0,0
0.9963352391926056,0.0036647608073945,0,0
0.989935764395648,0.0100642356043519,0,0
0.9526866064555268,0.0473133935444731,0,0
0.997963580862271,0.0020364191377289,0,0
0.9837179871402212,0.0162820128597788,0,0
0.994498146109444,0.0055018538905561,0,0
0.9977969272288628,0.0022030727711373,0,0
0.9984360133616142,0.0015639866383856,0,0
0.988704527758676,0.0112954722413239,0,0
0.9990536300710944,0.0009463699289057,0,0
0.999385314524565,0.0006146854754348,0,0
0.9945399442027092,0.0054600557972908,0,0
0.9938077882117528,0.0061922117882471,0,0
0.9923941112299298,0.0076058887700701,0,0
0.9914399676027476,0.0085600323972523,0,0
0.9955149401266312,0.0044850598733689,0,0
0.9995828786972004,0.0004171213027996,0,0
0.986121396246002,0.0138786037539979,0,0
0.9985949617354734,0.0014050382645265,0,0
0.974656091402513,0.0253439085974869,0,0
0.9930455056853592,0.0069544943146407,0,0
0.9890841196433298,0.0109158803566703,0,0
0.9982481377162667,0.0017518622837333,0,0
0.9676765366094736,0.0323234633905261,0,0
0.996214690379792,0.0037853096202078,0,0
0.9474727647699268,0.0525272352300731,0,0
0.9907153292421832,0.0092846707578167,0,0
0.9658411545938024,0.0341588454061975,0,0
0.9958799106192626,0.0041200893807373,0,0
0.9876079861310016,0.0123920138689985,0,0
0.9951207840788748,0.0048792159211252,0,0
0.991098773719062,0.0089012262809378,0,0
0.9825286671389244,0.0174713328610757,0,0
0.9807290618411526,0.0192709381588475,0,0
0.99916728948837,0.0008327105116299,0,0
0.9962809892061668,0.003719010793833,0,0
0.992893826807284,0.0071061731927159,0,0
0.9874023262787618,0.0125976737212382,0,0
0.9312769782494302,0.0687230217505696,0,0
0.999561241718276,0.0004387582817241,0,0
0.9981758817400714,0.0018241182599285,0,0
0.9717155254820816,0.0282844745179183,0,0
0.818428810918743,0.181571189081257,0,0
0.9951877344125136,0.0048122655874864,0,0
0.993641341157566,0.0063586588424342,0,0
0.7776453411854091,0.222354658814591,0,0
0.9834644819709284,0.0165355180290716,0,0
0.9845319877429572,0.0154680122570428,0,0
0.9874203227125168,0.0125796772874834,0,0
0.992012454368868,0.007987545631132,0,0
0.9995744449950816,0.0004255550049181,0,0
0.9967126290183403,0.0032873709816596,0,0
0.5,0.5,0,0
0.99687193186137,0.00312806813863,0,0
0.9909873466178976,0.0090126533821023,0,0
0.9818683136452364,0.0181316863547636,0,0
0.9983972543035688,0.0016027456964314,0,0
0.984380441868874,0.0156195581311261,0,0
0.9983115180216974,0.0016884819783027,0,0
0.9451448777287268,0.0548551222712732,0,0
0.9892689112389844,0.0107310887610156,0,0
0.9979410255962096,0.0020589744037903,0,0
0.9362741189030852,0.0637258810969146,0,0
0.9616976346609424,0.0383023653390576,0,0
0.980283162847305,0.0197168371526951,0,0
0.9841406115402124,0.0158593884597875,0,0
0.9976959826706876,0.0023040173293124,0,0
0.980758023687462,0.0192419763125381,0,0
0.920835817316708,0.0791641826832919,0,0
0.9933446126099148,0.0066553873900852,0,0
0.9984952394293216,0.0015047605706783,0,0
0.9936501571330748,0.0063498428669249,0,0
0.95978434884391,0.0402156511560899,0,0
0.9863908323197133,0.0136091676802868,0,0
0.9975971573295828,0.002402842670417,0,0
0.2899880562953714,0.7100119437046287,0,1
0.9561443439948516,0.0438556560051484,0,0
0.9906228849830252,0.0093771150169747,0,0
0.973576416138012,0.0264235838619879,0,0
0.9959708954151912,0.0040291045848087,0,0
0.9983692956157288,0.0016307043842713,0,0
0.997683908200502,0.002316091799498,0,0
0.9682476953551148,0.0317523046448852,0,0
0.9823709081120228,0.0176290918879771,0,0
0.9233865904821218,0.0766134095178781,0,0
0.9259687107819128,0.0740312892180874,0,0
0.9963318053639696,0.0036681946360303,0,0
0.9993689128396032,0.0006310871603967,0,0
0.9892352513520972,0.0107647486479026,0,0
0.9925242627525168,0.0074757372474831,0,0
0.9928225871098876,0.0071774128901124,0,0
0.998754747979108,0.001245252020892,0,0
0.9925214201532492,0.0074785798467507,0,0
0.9871071946243656,0.0128928053756344,0,0
0.9884517068616864,0.0115482931383136,0,0
0.9945305223769744,0.0054694776230254,0,0
0.9781288570678688,0.0218711429321312,0,0
0.9946683069704704,0.0053316930295298,0,0
0.9428184955366504,0.0571815044633494,0,0
0.985314359750692,0.0146856402493081,0,0
0.0308123057335509,0.9691876942664492,1,1
0.0265453448137899,0.97345465518621,1,1
0.0672670387238569,0.932732961276143,1,1
0.0647474238103723,0.9352525761896276,1,1
0.184492816400178,0.815507183599822,1,1
0.0150531247834158,0.984946875216584,1,1
0.0363861273138805,0.9636138726861194,1,1
0.0044671922888133,0.9955328077111864,1,1
0.0399519231376487,0.9600480768623512,1,1
6.102971064510107e-06,0.9999938970289356,1,1
0.0540695026888797,0.94593049731112,1,1
0.0329559565680827,0.9670440434319172,1,1
0.0245064516338493,0.9754935483661504,1,1
0.2190194318274748,0.7809805681725251,1,1
0.0467217165610782,0.953278283438922,1,1
0.2382273129307805,0.7617726870692194,1,1
0.0313756012915315,0.9686243987084684,1,1
0.0382840688431366,0.9617159311568632,1,1
0.1218405802034755,0.8781594197965242,1,1
0.0392296896592838,0.9607703103407162,1,1
2.809609616910373e-06,0.9999971903903832,1,1
0.064951728222881,0.9350482717771188,1,1
0.0454746331830887,0.9545253668169112,1,1
0.0417840995575847,0.9582159004424152,1,1
0.2181032216996983,0.7818967783003016,1,1
0.0632687346956305,0.9367312653043696,1,1
0.0330922808083274,0.9669077191916724,1,1
0.0072774110249255,0.9927225889750744,1,1
0.0115852659285823,0.9884147340714176,1,1
0.0258145118669963,0.9741854881330037,1,1
0.0030325057084424,0.9969674942915574,1,1
0.0329082606823943,0.9670917393176054,1,1
0.0238930996437386,0.9761069003562612,1,1
0.0528331848353648,0.9471668151646352,1,1
0.0370389901051065,0.9629610098948934,1,1
0.0043039047514769,0.9956960952485228,1,1
1.320029931346764e-05,0.9999867997006866,1,1
3.0742097527641118e-06,0.9999969257902472,1,1
0.027463657051655,0.9725363429483452,1,1
0.0131522499808639,0.9868477500191362,1,1
0.0291239258718026,0.9708760741281974,1,1
0.0259746699078479,0.974025330092152,1,1
0.0893600186925399,0.91063998130746,1,1
0.0601173645462847,0.9398826354537152,1,1
0.1933669104179731,0.806633089582027,1,1
0.0105689218365827,0.9894310781634174,1,1
0.0374535974208288,0.9625464025791712,1,1
0.0280091425290198,0.9719908574709802,1,1
0.0495199015201313,0.9504800984798688,1,1
0.2356265076007532,0.7643734923992468,1,1
0.0281445202214455,0.9718554797785548,1,1
0.0513147685982603,0.9486852314017398,1,1
0.1610352776658507,0.8389647223341494,1,1
0.0126487960562498,0.98735120394375,1,1
0.0324806396754826,0.9675193603245174,1,1
0.1343889451580072,0.8656110548419929,1,1
0.0654499776078898,0.93455002239211,1,1
1.1357436851149452e-08,0.9999999886425632,1,1
0.0036134292014009,0.9963865707985992,1,1
0.0071888066263811,0.9928111933736188,1,1
0.0474900650533761,0.9525099349466236,1,1
0.0294964905318467,0.9705035094681534,1,1
0.0345992670198088,0.9654007329801912,1,1
0.1025172811612412,0.8974827188387589,1,1
0.2762410411590549,0.7237589588409449,1,1
0.0206626062705541,0.9793373937294458,1,1
0.0490932581889155,0.9509067418110844,1,1
0.0420215145433525,0.9579784854566477,1,1
0.0319394823837955,0.9680605176162044,1,1
0.0255307426612287,0.9744692573387712,1,1
0.0030701503257925,0.9969298496742076,1,1
0.4198008109133286,0.5801991890866713,1,1
0.0798691522367481,0.920130847763252,1,1
0.1139752752701591,0.8860247247298407,1,1
0.0378730812983081,0.9621269187016916,1,1
0.0597940212227708,0.9402059787772292,1,1
0.0784440677291066,0.9215559322708932,1,1
0.0779992380481565,0.9220007619518432,1,1
0.0339451459217051,0.9660548540782952,1,1
0.0423380978562652,0.9576619021437348,1,1
0.1776469101026876,0.8223530898973122,1,1
0.0111585875190308,0.9888414124809692,1,1
1.2766897676663506e-05,0.9999872331023232,1,1
9.158838895703608e-06,0.9999908411611044,1,1
0.0117776328093563,0.9882223671906436,1,1
0.0344281614974997,0.9655718385025004,1,1
0.2219982502467951,0.7780017497532051,1,1
0.0578938055861572,0.9421061944138424,1,1
0.1014486615509692,0.8985513384490307,1,1
0.1399394104108691,0.8600605895891307,1,1
0.0255211085200878,0.974478891479912,1,1
0.2150076617174038,0.7849923382825963,1,1
0.2312573826453752,0.7687426173546248,1,1
0.0370252472802649,0.9629747527197352,1,1
0.178080354193598,0.821919645806402,1,1
0.0073943282336656,0.9926056717663344,1,1
0.0111147009091464,0.9888852990908534,1,1
0.0034462231181868,0.9965537768818128,1,1
0.0475585901476501,0.9524414098523498,1,1
0.1685673556326681,0.8314326443673319,1,1
0.0245624930879527,0.9754375069120472,1,1
0.0096176547042463,0.9903823452957536,1,1
0.0617874282649307,0.9382125717350692,1,1
0.0669680249582684,0.9330319750417316,1,1
0.0366339067201587,0.9633660932798414,1,1
0.0070330303690869,0.9929669696309132,1,1
0.0048416752697121,0.995158324730288,1,1
0.0333606151413351,0.9666393848586652,1,1
0.0315676091718277,0.9684323908281722,1,1
0.0714984575779896,0.9285015424220102,1,1
0.0077288890212592,0.9922711109787408,1,1
0.1820301780103632,0.8179698219896369,1,1
0.1228720498555603,0.8771279501444397,1,1
0.1817202074031849,0.8182797925968152,1,1
0.0055728081632776,0.9944271918367222,1,1
0.3923189487855088,0.6076810512144912,1,1
0.0167136137985236,0.9832863862014762,1,1
0.0444364441494899,0.95556355585051,1,1
0.2383909001511478,0.761609099848852,1,1
0.0627863082340076,0.9372136917659925,1,1
0.0234002282437151,0.9765997717562852,1,1
0.0358154598818411,0.9641845401181588,1,1
0.1124579214926662,0.8875420785073338,1,1
0.0364996226587316,0.9635003773412684,1,1
0.0257499393721822,0.9742500606278178,1,1
0.0301780376607901,0.96982196233921,1,1
0.1356606206303338,0.8643393793696659,1,1
0.0073663710981149,0.9926336289018852,1,1
0.006361689559873,0.993638310440127,1,1
0.040071798610393,0.9599282013896068,1,1
0.0352754197858276,0.9647245802141724,1,1
