Epoch,Phase,Image_Index,True_Label,Predicted_Label,Prediction_Probability
1,test,0,0.0,0.0,2.285378331023935e-09
1,test,1,0.0,0.0,3.806521417515363e-11
1,test,2,0.0,0.0,1.518281855794612e-08
1,test,3,0.0,0.0,5.7304067269114967e-08
1,test,4,0.0,0.0,5.41094558048627e-10
1,test,5,0.0,0.0,1.7448872208225552e-12
1,test,6,0.0,0.0,2.8000045858789235e-05
1,test,7,0.0,0.0,2.432752888026357e-10
1,test,8,0.0,0.0,1.6020546809158986e-06
1,test,9,0.0,0.0,1.9449385157965793e-10
1,test,10,0.0,0.0,2.351510541842572e-09
1,test,11,0.0,0.0,3.980705209905011e-10
1,test,12,0.0,0.0,2.9960478542534474e-11
1,test,13,0.0,0.0,3.317986510542603e-11
1,test,14,0.0,0.0,3.2463469412657986e-11
1,test,15,0.0,0.0,5.33224309151592e-09
1,test,16,0.0,0.0,3.006311519171412e-11
1,test,17,0.0,0.0,3.2343857583327917e-06
1,test,18,0.0,0.0,0.008863259106874466
1,test,19,0.0,0.0,8.236755721924283e-11
1,test,20,0.0,0.0,1.7096505544600404e-08
1,test,21,0.0,0.0,4.620572587737959e-13
1,test,22,0.0,0.0,5.718331053117254e-08
1,test,23,0.0,0.0,8.54769410807421e-09
1,test,24,0.0,0.0,4.644141668452839e-11
1,test,25,0.0,0.0,6.640629823806421e-09
1,test,26,0.0,0.0,4.891967907150185e-12
1,test,27,0.0,0.0,4.677057404478546e-06
1,test,28,0.0,0.0,1.0597006605550519e-09
1,test,29,0.0,1.0,0.8570145964622498
1,test,30,0.0,0.0,8.894969111858213e-15
1,test,31,0.0,0.0,2.0560884106402e-09
1,test,32,0.0,0.0,2.2864377058340324e-09
1,test,33,0.0,0.0,8.17264117358718e-06
1,test,34,0.0,0.0,0.00035829009721055627
1,test,35,0.0,0.0,2.2061752381549726e-14
1,test,36,0.0,0.0,1.3961432898668136e-07
1,test,37,0.0,1.0,0.7183288335800171
1,test,38,0.0,0.0,6.248579986767311e-10
1,test,39,0.0,0.0,4.9150600034408853e-08
1,test,40,0.0,0.0,3.7900867340401323e-13
1,test,41,0.0,0.0,2.9724569117206556e-07
1,test,42,0.0,0.0,4.1461802879894094e-08
1,test,43,0.0,0.0,7.566455906271585e-09
1,test,44,0.0,0.0,3.0911659343324516e-10
1,test,45,0.0,0.0,5.264455012365943e-06
1,test,46,0.0,0.0,0.40684518218040466
1,test,47,0.0,0.0,1.4576082207895524e-07
1,test,48,0.0,1.0,0.8325819373130798
1,test,49,0.0,0.0,4.5357225191434286e-14
1,test,50,0.0,0.0,3.4589004371810006e-06
1,test,51,0.0,0.0,7.458463534282256e-12
1,test,52,0.0,0.0,8.121377181868894e-11
1,test,53,0.0,0.0,0.00029647338669747114
1,test,54,0.0,0.0,2.473466649056434e-15
1,test,55,0.0,0.0,3.8597963225583953e-07
1,test,56,0.0,0.0,0.004995178896933794
1,test,57,0.0,0.0,3.1273426071010135e-09
1,test,58,0.0,0.0,1.9242833104726742e-07
1,test,59,0.0,0.0,2.0139503931204672e-07
1,test,60,0.0,0.0,1.1313868526485749e-06
1,test,61,0.0,0.0,1.5083821344741288e-11
1,test,62,0.0,0.0,3.047636099040574e-08
1,test,63,0.0,0.0,0.1431441456079483
1,test,64,0.0,0.0,0.13164900243282318
1,test,65,0.0,0.0,5.387223219605053e-12
1,test,66,0.0,1.0,0.9974147081375122
1,test,67,0.0,0.0,2.8639051130596727e-09
1,test,68,0.0,0.0,6.447049236157909e-05
1,test,69,0.0,0.0,1.2638239788032024e-08
1,test,70,0.0,0.0,1.7112490979798167e-08
1,test,71,0.0,0.0,0.0007264844607561827
1,test,72,0.0,0.0,6.691059263320672e-15
1,test,73,0.0,0.0,7.402045122673062e-12
1,test,74,0.0,0.0,1.822505311949033e-15
1,test,75,0.0,0.0,1.1362969416950364e-05
1,test,76,0.0,0.0,1.6312254880190835e-09
1,test,77,0.0,0.0,1.1030661106747885e-10
1,test,78,0.0,0.0,7.250239519862589e-09
1,test,79,0.0,0.0,2.0259731670080328e-09
1,test,80,0.0,0.0,3.423253625012279e-10
1,test,81,0.0,0.0,2.1492188237437482e-11
1,test,82,0.0,0.0,3.4296355977403437e-08
1,test,83,0.0,0.0,1.5890325357759139e-06
1,test,84,0.0,0.0,9.924490049217916e-12
1,test,85,0.0,0.0,0.0002954319352284074
1,test,86,0.0,1.0,0.9411510229110718
1,test,87,0.0,0.0,1.7754095971156403e-09
1,test,88,0.0,0.0,1.2890167232215699e-11
1,test,89,0.0,0.0,3.7083236481549875e-10
1,test,90,0.0,1.0,0.966281533241272
1,test,91,0.0,0.0,6.857619472278031e-10
1,test,92,0.0,0.0,1.4562764327763489e-08
1,test,93,0.0,0.0,2.399284824150527e-07
1,test,94,0.0,0.0,2.666618925672992e-09
1,test,95,0.0,0.0,1.391002113840245e-12
1,test,96,0.0,0.0,9.229335518057269e-08
1,test,97,0.0,0.0,2.1088514615130727e-11
1,test,98,0.0,0.0,7.414093943225453e-06
1,test,99,0.0,0.0,8.931830961955711e-06
1,test,100,0.0,0.0,1.4984445162544852e-13
1,test,101,0.0,0.0,2.2364429752563808e-10
1,test,102,0.0,0.0,1.03857928479556e-05
1,test,103,0.0,0.0,3.3179993474963254e-11
1,test,104,0.0,0.0,1.1854675904032774e-05
1,test,105,0.0,0.0,1.4754386601367742e-09
1,test,106,0.0,0.0,1.863018184167231e-08
1,test,107,0.0,0.0,4.421989163727602e-11
1,test,108,0.0,0.0,2.5726570870919334e-14
1,test,109,0.0,0.0,7.32552310912099e-13
1,test,110,0.0,0.0,5.5364453146466985e-05
1,test,111,0.0,0.0,1.6147652659448397e-10
1,test,112,0.0,0.0,5.309446351020597e-05
1,test,113,0.0,0.0,9.82742108135426e-07
1,test,114,0.0,1.0,0.7701822519302368
1,test,115,0.0,0.0,1.4937675985038368e-07
1,test,116,0.0,0.0,1.0693904428649148e-08
1,test,117,0.0,0.0,6.593096624207817e-10
1,test,118,0.0,0.0,1.6374394817830762e-07
1,test,119,0.0,0.0,4.278426501969079e-10
1,test,120,0.0,0.0,5.324791163552334e-10
1,test,121,0.0,0.0,2.2644577185593207e-11
1,test,122,0.0,0.0,2.0179091730909704e-09
1,test,123,0.0,0.0,4.60063487306428e-10
1,test,124,0.0,0.0,1.643650016092124e-08
1,test,125,0.0,0.0,1.5331281133512675e-07
1,test,126,0.0,0.0,1.2585601449899286e-09
1,test,127,0.0,0.0,1.5984157997195325e-08
1,test,128,0.0,0.0,0.00042668412788771093
1,test,129,0.0,0.0,0.04952862486243248
1,test,130,0.0,0.0,2.198481174886524e-09
1,test,131,0.0,1.0,0.9999842643737793
1,test,132,0.0,0.0,4.444854206919757e-11
1,test,133,0.0,0.0,5.608010178548284e-05
1,test,134,0.0,0.0,2.277702026987072e-09
1,test,135,0.0,0.0,0.006188102997839451
1,test,136,0.0,0.0,0.004351935815066099
1,test,137,0.0,0.0,6.241644007198843e-11
1,test,138,0.0,0.0,6.190231882641228e-09
1,test,139,0.0,0.0,2.187252982899235e-11
1,test,140,0.0,0.0,3.631891454247693e-10
1,test,141,0.0,0.0,1.4768759132310905e-11
1,test,142,0.0,0.0,1.2925796681884094e-06
1,test,143,0.0,0.0,3.8610220576273946e-10
1,test,144,0.0,1.0,0.999751627445221
1,test,145,0.0,0.0,1.2651002641306253e-11
1,test,146,0.0,0.0,0.00043906940845772624
1,test,147,0.0,0.0,2.504847707029967e-08
1,test,148,0.0,0.0,9.226148491026098e-12
1,test,149,0.0,0.0,4.735980496661796e-08
1,test,150,0.0,0.0,2.1032951380561826e-08
1,test,151,0.0,0.0,2.1099277880409772e-09
1,test,152,0.0,0.0,4.10130640560169e-09
1,test,153,0.0,1.0,0.9998217225074768
1,test,154,0.0,1.0,0.98128741979599
1,test,155,0.0,0.0,7.578785282723668e-14
1,test,156,0.0,0.0,1.6815425851746113e-07
1,test,157,0.0,0.0,5.242832210039516e-12
1,test,158,0.0,0.0,4.2530312605038034e-11
1,test,159,0.0,0.0,2.5437239662730315e-13
1,test,160,0.0,0.0,4.954741061879986e-09
1,test,161,0.0,0.0,0.13204053044319153
1,test,162,0.0,0.0,3.2443912140189823e-11
1,test,163,0.0,0.0,2.9944654394986614e-11
1,test,164,0.0,0.0,3.890008974660741e-12
1,test,165,0.0,0.0,1.068902633072355e-09
1,test,166,0.0,0.0,1.659961057498549e-11
1,test,167,0.0,0.0,3.042963103716545e-10
1,test,168,0.0,0.0,2.5561141683283495e-06
1,test,169,0.0,0.0,5.046007015008236e-11
1,test,170,0.0,0.0,1.267691572374996e-12
1,test,171,0.0,0.0,2.3454443942583225e-10
1,test,172,0.0,0.0,4.417574084314424e-10
1,test,173,0.0,0.0,3.500584197513312e-11
1,test,174,0.0,0.0,7.081554787013999e-10
1,test,175,0.0,0.0,2.5533183900527945e-10
1,test,176,0.0,0.0,6.778295147391589e-10
1,test,177,0.0,0.0,6.910514261521117e-12
1,test,178,0.0,0.0,7.275586244581689e-10
1,test,179,0.0,0.0,3.2137661420961194e-09
1,test,180,0.0,0.0,0.48121941089630127
1,test,181,0.0,0.0,6.200453299243236e-06
1,test,182,0.0,0.0,7.350454467314194e-08
1,test,183,0.0,0.0,3.683471496568336e-12
1,test,184,0.0,0.0,0.008024870418012142
1,test,185,0.0,0.0,2.9398883270914666e-05
1,test,186,0.0,0.0,1.4699341591040138e-05
1,test,187,0.0,0.0,2.0347443729917813e-09
1,test,188,0.0,0.0,4.753933791762366e-13
1,test,189,0.0,0.0,9.865112815532484e-07
1,test,190,0.0,0.0,1.456410387845608e-07
1,test,191,0.0,0.0,2.9203852669468233e-09
1,test,192,0.0,0.0,1.8765684839383567e-10
1,test,193,0.0,1.0,0.9898313879966736
1,test,194,0.0,0.0,1.0250407633805025e-08
1,test,195,0.0,0.0,4.620136564992272e-11
1,test,196,0.0,0.0,1.9522977678931852e-10
1,test,197,0.0,0.0,0.0019035465084016323
1,test,198,0.0,0.0,1.5642567102736038e-11
1,test,199,0.0,0.0,0.011353432200849056
1,test,200,0.0,0.0,5.106201017568424e-10
1,test,201,0.0,0.0,1.0517924725617078e-10
1,test,202,0.0,0.0,3.228460554449697e-10
1,test,203,0.0,0.0,2.6154095555952495e-10
1,test,204,0.0,0.0,1.0103690106788576e-10
1,test,205,0.0,0.0,2.4305266133062275e-10
1,test,206,0.0,0.0,2.310038382802304e-07
1,test,207,0.0,0.0,2.286685424346402e-10
1,test,208,0.0,0.0,2.3502180757084545e-10
1,test,209,0.0,0.0,5.2089655505627164e-11
1,test,210,0.0,0.0,3.9040060073602945e-07
1,test,211,0.0,0.0,1.1695083230733871e-06
1,test,212,0.0,0.0,2.1588860477095295e-07
1,test,213,0.0,0.0,3.2976208569346355e-11
1,test,214,0.0,0.0,2.397300136181002e-09
1,test,215,0.0,0.0,0.03794794902205467
1,test,216,0.0,0.0,0.0013984099496155977
1,test,217,0.0,0.0,0.008823652751743793
1,test,218,0.0,1.0,0.9841265082359314
1,test,219,0.0,0.0,2.600750832141424e-13
1,test,220,0.0,0.0,4.368448380809298e-10
1,test,221,0.0,0.0,0.35999545454978943
1,test,222,0.0,0.0,1.5698120971532892e-12
1,test,223,0.0,1.0,0.9999994039535522
1,test,224,0.0,0.0,9.685007240634036e-10
1,test,225,0.0,0.0,8.519815061780456e-12
1,test,226,0.0,0.0,2.6146890874656492e-08
1,test,227,0.0,0.0,4.7137927242091315e-12
1,test,228,0.0,0.0,7.55689608111787e-12
1,test,229,0.0,0.0,8.848104471326224e-10
1,test,230,0.0,0.0,5.69355762536361e-09
1,test,231,0.0,0.0,2.2410684419327254e-09
1,test,232,0.0,0.0,3.3394616139048594e-07
1,test,233,0.0,0.0,2.0693082664058338e-12
1,test,234,0.0,0.0,1.5600019540040755e-11
1,test,235,0.0,0.0,2.983774035139608e-12
1,test,236,0.0,0.0,6.068779612178332e-08
1,test,237,0.0,0.0,0.06223427131772041
1,test,238,0.0,0.0,2.0856693936366355e-06
1,test,239,0.0,0.0,5.665446778380101e-09
1,test,240,0.0,0.0,2.590153691528485e-08
1,test,241,0.0,0.0,2.2177734648742842e-10
1,test,242,0.0,0.0,3.894531919179656e-11
1,test,243,0.0,0.0,1.26889005969133e-06
1,test,244,0.0,0.0,0.24167631566524506
1,test,245,0.0,1.0,0.9990816116333008
1,test,246,0.0,0.0,2.5656128697232328e-12
1,test,247,0.0,0.0,4.387241958614396e-11
1,test,248,0.0,0.0,4.6024998048843635e-12
1,test,249,0.0,1.0,0.9952516555786133
1,test,250,0.0,0.0,1.1543608735564703e-08
1,test,251,0.0,0.0,1.453048903421461e-09
1,test,252,0.0,0.0,8.802011897124373e-11
1,test,253,0.0,0.0,5.369945377253771e-09
1,test,254,0.0,0.0,6.394485635441427e-12
1,test,255,0.0,0.0,6.341668301601544e-10
1,test,256,0.0,0.0,1.0791307847313192e-09
1,test,257,0.0,0.0,1.2828763606975713e-09
1,test,258,0.0,0.0,2.0776997899929484e-09
1,test,259,0.0,0.0,7.673624513593325e-10
1,test,260,0.0,0.0,3.1256545745747544e-13
1,test,261,0.0,0.0,4.291679425033612e-12
1,test,262,0.0,0.0,7.664307304366957e-06
1,test,263,0.0,0.0,2.7904509418744637e-15
1,test,264,0.0,0.0,1.349143685658305e-09
1,test,265,0.0,0.0,2.8209352631591855e-09
1,test,266,0.0,0.0,1.5257926122558274e-07
1,test,267,0.0,0.0,1.4503245271413334e-09
1,test,268,0.0,0.0,4.519062349572778e-05
1,test,269,0.0,0.0,4.804809436605162e-13
1,test,270,0.0,0.0,8.806218016084444e-13
1,test,271,0.0,0.0,8.803611728502858e-10
1,test,272,0.0,0.0,7.915335747954444e-11
1,test,273,0.0,0.0,1.068749186372564e-10
1,test,274,0.0,0.0,5.653291612617295e-09
1,test,275,0.0,0.0,3.008931645509527e-12
1,test,276,0.0,0.0,8.329930523132134e-09
1,test,277,0.0,0.0,0.03225376084446907
1,test,278,0.0,0.0,8.982625199216443e-10
1,test,279,0.0,0.0,3.7656835115418286e-12
1,test,280,0.0,0.0,5.672617323787543e-12
1,test,281,0.0,0.0,8.901492321022886e-10
1,test,282,0.0,0.0,1.3861618797239572e-10
1,test,283,0.0,0.0,1.4577611687216496e-11
1,test,284,0.0,0.0,4.355739235961664e-08
1,test,285,0.0,0.0,1.1129226706874107e-10
1,test,286,0.0,0.0,1.2871164134509172e-09
1,test,287,0.0,0.0,0.3158191740512848
1,test,288,0.0,0.0,4.549744370314912e-13
1,test,289,0.0,0.0,6.134024954640438e-10
1,test,290,0.0,0.0,1.9525573691225873e-07
1,test,291,0.0,0.0,4.8887411452369633e-08
1,test,292,0.0,0.0,2.5470231826418832e-11
1,test,293,0.0,0.0,1.3996708503327682e-07
1,test,294,0.0,0.0,0.0011869276640936732
1,test,295,0.0,0.0,3.2913782810339853e-09
1,test,296,0.0,0.0,2.3124071546476443e-08
1,test,297,0.0,0.0,1.9760644136113115e-05
1,test,298,0.0,0.0,6.975639621487062e-09
1,test,299,0.0,1.0,0.9999204874038696
1,test,300,0.0,0.0,2.0035846083361203e-13
1,test,301,0.0,0.0,0.02280590496957302
1,test,302,0.0,0.0,7.021418862995787e-11
1,test,303,0.0,0.0,6.034623311279574e-06
1,test,304,0.0,0.0,4.472914822816615e-13
1,test,305,0.0,0.0,2.6125555052658456e-08
1,test,306,0.0,0.0,2.485484873471222e-10
1,test,307,0.0,0.0,8.662471628895219e-08
1,test,308,0.0,0.0,2.8805542395815564e-09
1,test,309,0.0,0.0,6.513582208322877e-12
1,test,310,0.0,0.0,6.703518465656089e-06
1,test,311,0.0,0.0,1.1459658742773993e-11
1,test,312,0.0,0.0,5.045195905495348e-08
1,test,313,0.0,0.0,2.618836354370546e-12
1,test,314,0.0,0.0,0.04366607591509819
1,test,315,0.0,0.0,0.0038416513707488775
1,test,316,0.0,0.0,1.2515013914082829e-08
1,test,317,0.0,0.0,3.563793482541655e-09
1,test,318,0.0,0.0,1.2612610589712858e-05
1,test,319,0.0,0.0,1.8510646140890152e-11
1,test,320,0.0,0.0,2.851624936184294e-09
1,test,321,0.0,0.0,0.0005015106871724129
1,test,322,0.0,0.0,1.0860080467290506e-14
1,test,323,0.0,0.0,1.136037618143515e-11
1,test,324,0.0,0.0,2.3261581549860466e-10
1,test,325,0.0,0.0,1.601695544195536e-06
1,test,326,0.0,0.0,1.7110360905903121e-09
1,test,327,0.0,0.0,8.014407804068924e-09
1,test,328,0.0,0.0,7.344887809068723e-09
1,test,329,0.0,0.0,6.364965088323515e-08
1,test,330,0.0,0.0,1.495826899844399e-12
1,test,331,0.0,0.0,5.337413676897995e-05
1,test,332,0.0,0.0,4.153616894875256e-10
1,test,333,0.0,0.0,5.858100227129626e-09
1,test,334,0.0,0.0,1.624454526449881e-08
1,test,335,0.0,0.0,1.2399478919178364e-06
1,test,336,0.0,0.0,4.411986401220425e-12
1,test,337,0.0,0.0,1.343992191843446e-12
1,test,338,0.0,0.0,8.001656628953135e-12
1,test,339,0.0,0.0,5.625551580124011e-09
1,test,340,0.0,0.0,9.863334454740524e-11
1,test,341,0.0,0.0,6.283391485339962e-06
1,test,342,0.0,0.0,1.4152511162990322e-08
1,test,343,0.0,0.0,4.045517698614276e-08
1,test,344,0.0,0.0,2.596025012735481e-07
1,test,345,0.0,0.0,1.8364633433520794e-05
1,test,346,0.0,0.0,2.674877463623715e-12
1,test,347,0.0,0.0,3.471923193387738e-08
1,test,348,0.0,0.0,0.039197828620672226
1,test,349,0.0,1.0,1.0
1,test,350,0.0,0.0,3.247399433803366e-07
1,test,351,0.0,0.0,4.860051944222121e-11
1,test,352,0.0,0.0,1.0538628303358166e-10
1,test,353,0.0,0.0,1.4672783876790163e-08
1,test,354,0.0,0.0,2.0477912698879663e-09
1,test,355,0.0,0.0,4.5314047270039737e-07
1,test,356,0.0,0.0,9.912695109193237e-10
1,test,357,0.0,0.0,5.834170480056855e-09
1,test,358,0.0,0.0,0.0023532116319984198
1,test,359,0.0,0.0,1.312441821887944e-10
1,test,360,0.0,0.0,7.315533595564361e-11
1,test,361,0.0,0.0,2.427604016246032e-13
1,test,362,0.0,0.0,0.2286175787448883
1,test,363,0.0,0.0,1.6239587452560045e-08
1,test,364,0.0,0.0,6.61522892020372e-10
1,test,365,0.0,0.0,1.7297668289048551e-12
1,test,366,0.0,0.0,4.024430985807631e-15
1,test,367,0.0,0.0,0.008093344047665596
1,test,368,0.0,1.0,0.9999761581420898
1,test,369,0.0,0.0,0.0001612243358977139
1,test,370,0.0,0.0,8.288542074907923e-11
1,test,371,0.0,0.0,0.035394009202718735
1,test,372,0.0,0.0,1.3251677316236665e-13
1,test,373,0.0,0.0,3.035538931328574e-09
1,test,374,0.0,1.0,0.9999940395355225
1,test,375,0.0,0.0,7.6244042190865e-09
1,test,376,0.0,0.0,7.473926366685646e-09
1,test,377,0.0,0.0,3.355677336003282e-06
1,test,378,0.0,0.0,1.5603679806575066e-11
1,test,379,0.0,0.0,1.148489428559607e-10
1,test,380,0.0,0.0,4.1057543143097064e-08
1,test,381,0.0,0.0,5.033359284922767e-10
1,test,382,0.0,0.0,7.1829390435596e-06
1,test,383,0.0,0.0,3.1418381785108807e-11
1,test,384,0.0,0.0,3.088428167721813e-12
1,test,385,0.0,0.0,7.78682465729652e-11
1,test,386,0.0,0.0,0.0004501694638747722
1,test,387,0.0,0.0,8.108484023106044e-11
1,test,388,0.0,0.0,1.4367668654813315e-07
1,test,389,0.0,1.0,0.9994813799858093
1,test,390,0.0,0.0,1.3748620908415887e-08
1,test,391,0.0,0.0,2.059906828444369e-10
1,test,392,0.0,0.0,1.5044545307318913e-06
1,test,393,0.0,0.0,1.4734609365962825e-10
1,test,394,0.0,0.0,1.3753218581769033e-06
1,test,395,0.0,0.0,7.902824108896311e-06
1,test,396,0.0,1.0,0.9999997615814209
1,test,397,0.0,0.0,5.656667417497374e-05
1,test,398,0.0,1.0,0.9999531507492065
1,test,399,0.0,0.0,2.705496755990057e-14
1,test,400,0.0,0.0,7.424746373274616e-10
1,test,401,0.0,0.0,1.0638547109920182e-06
1,test,402,0.0,0.0,1.4483886312532945e-10
1,test,403,0.0,0.0,7.807931297065807e-07
1,test,404,0.0,0.0,3.4270510873568583e-09
1,test,405,0.0,0.0,1.966883687171128e-12
1,test,406,0.0,0.0,1.941851223818958e-06
1,test,407,0.0,0.0,1.159358653524123e-08
1,test,408,0.0,0.0,8.212773239257842e-10
1,test,409,0.0,1.0,0.6329823732376099
1,test,410,0.0,0.0,1.48960375284668e-11
1,test,411,0.0,0.0,5.568032146463509e-10
1,test,412,0.0,0.0,2.6371041461636935e-10
1,test,413,0.0,0.0,1.3519328712074952e-10
1,test,414,0.0,0.0,6.671740993624553e-05
1,test,415,0.0,0.0,1.8535023116328375e-07
1,test,416,0.0,0.0,6.494044413329902e-08
1,test,417,0.0,0.0,1.4926333780085344e-10
1,test,418,0.0,0.0,4.345298787455931e-09
1,test,419,0.0,0.0,5.39473785465816e-06
1,test,420,0.0,0.0,1.0744470417545227e-11
1,test,421,0.0,0.0,1.0227806379603521e-09
1,test,422,0.0,0.0,8.37329337810555e-12
1,test,423,0.0,0.0,5.287945428755769e-12
1,test,424,0.0,0.0,2.4590949720959543e-08
1,test,425,0.0,0.0,0.0005641927127726376
1,test,426,0.0,0.0,1.0639247816079944e-10
1,test,427,0.0,0.0,6.64374333325668e-10
1,test,428,0.0,0.0,6.2997540517528705e-09
1,test,429,0.0,0.0,5.0012842756075315e-09
1,test,430,0.0,0.0,1.949279106183699e-11
1,test,431,0.0,0.0,5.000737601790206e-10
1,test,432,0.0,0.0,1.06527868123929e-11
1,test,433,0.0,0.0,6.412204989203474e-09
1,test,434,0.0,0.0,1.464633783143654e-07
1,test,435,0.0,0.0,2.2225382053875364e-05
1,test,436,0.0,0.0,1.7723355769105886e-11
1,test,437,0.0,0.0,1.5473454115233487e-11
1,test,438,0.0,0.0,2.866874055859614e-12
1,test,439,0.0,0.0,2.921467104691211e-12
1,test,440,0.0,0.0,1.1878461539036045e-12
1,test,441,0.0,0.0,1.723175410006661e-05
1,test,442,0.0,0.0,1.157171927723688e-11
1,test,443,0.0,0.0,1.1594730731090408e-09
1,test,444,0.0,0.0,3.2004066063962e-09
1,test,445,0.0,0.0,5.725429446101771e-07
1,test,446,0.0,0.0,7.650861988395263e-08
1,test,447,0.0,0.0,4.8718390432966885e-11
1,test,448,0.0,0.0,9.193752426028823e-09
1,test,449,0.0,0.0,1.144064731839478e-09
1,test,450,0.0,0.0,1.2600228638248723e-09
1,test,451,0.0,0.0,0.00016363953182008117
1,test,452,0.0,0.0,6.890782167090492e-09
1,test,453,0.0,0.0,3.038375662178794e-10
1,test,454,0.0,0.0,0.0011786040849983692
1,test,455,0.0,0.0,2.699158674346336e-09
1,test,456,0.0,0.0,6.263590449258338e-14
1,test,457,0.0,1.0,0.9946526288986206
1,test,458,0.0,0.0,7.875905656817839e-12
1,test,459,0.0,0.0,1.0163253919004411e-11
1,test,460,0.0,0.0,0.0012071920791640878
1,test,461,0.0,0.0,1.0670575534277305e-08
1,test,462,0.0,0.0,1.2144261984925464e-10
1,test,463,0.0,0.0,2.297455949928917e-07
1,test,464,0.0,0.0,3.0264739603325097e-09
1,test,465,0.0,0.0,6.707191690935588e-09
1,test,466,0.0,0.0,6.954891063060131e-08
1,test,467,0.0,0.0,0.004257444757968187
1,test,468,0.0,0.0,1.2080522693302953e-10
1,test,469,0.0,0.0,1.670549067966931e-07
1,test,470,0.0,0.0,2.6087565174748306e-07
1,test,471,0.0,0.0,4.647935929824598e-05
1,test,472,0.0,0.0,1.5083791854442197e-11
1,test,473,0.0,0.0,0.00031041036709211767
1,test,474,0.0,0.0,0.011930993758141994
1,test,475,0.0,0.0,9.344247597908861e-10
1,test,476,0.0,0.0,8.35228674417321e-12
1,test,477,0.0,0.0,2.4965531864040713e-08
1,test,478,0.0,0.0,1.0418094859021565e-10
1,test,479,0.0,0.0,1.7818179154360791e-09
1,test,480,0.0,0.0,8.719996668910945e-15
1,test,481,0.0,0.0,5.6489721345087673e-08
1,test,482,0.0,0.0,3.3272129940087325e-07
1,test,483,0.0,0.0,0.0001083949682652019
1,test,484,0.0,0.0,6.538309893500127e-10
1,test,485,0.0,0.0,1.4892416189127289e-09
1,test,486,0.0,0.0,4.281483967361055e-08
1,test,487,0.0,0.0,4.6428109357066205e-08
1,test,488,0.0,0.0,1.2388382764072503e-08
1,test,489,0.0,0.0,1.3985143141326262e-06
1,test,490,0.0,0.0,3.991855379581466e-08
1,test,491,0.0,0.0,2.246101971081771e-08
1,test,492,0.0,0.0,2.9160143744100253e-10
1,test,493,0.0,0.0,1.2340577778408024e-12
1,test,494,0.0,0.0,5.450909168480678e-10
1,test,495,0.0,0.0,3.64131991226202e-09
1,test,496,0.0,0.0,2.0978523085357637e-10
1,test,497,0.0,0.0,8.5885416833964e-11
1,test,498,0.0,0.0,5.0497633310442325e-06
1,test,499,0.0,0.0,1.3386178450425223e-11
1,test,500,0.0,0.0,1.1201194052151697e-12
1,test,501,0.0,0.0,1.3636299911468086e-07
1,test,502,0.0,0.0,2.603073756546337e-09
1,test,503,0.0,0.0,1.5224722815787572e-08
1,test,504,0.0,0.0,7.401122900305146e-13
1,test,505,0.0,0.0,1.5413597793667577e-05
1,test,506,0.0,0.0,6.197486079884129e-09
1,test,507,0.0,0.0,0.00027225687517784536
1,test,508,0.0,0.0,9.3573473622377e-12
1,test,509,0.0,0.0,1.3013294608565928e-10
1,test,510,0.0,0.0,1.589357673248415e-10
1,test,511,0.0,0.0,1.4205224670160721e-11
1,test,512,0.0,0.0,4.4425525541277877e-13
1,test,513,0.0,0.0,1.1733307658801095e-09
1,test,514,0.0,0.0,2.4191124103900563e-10
1,test,515,0.0,0.0,2.4465346415425415e-11
1,test,516,0.0,0.0,3.773583667765479e-09
1,test,517,0.0,0.0,7.128178255988438e-12
1,test,518,0.0,0.0,2.42871098666414e-13
1,test,519,0.0,1.0,0.9994502663612366
1,test,520,0.0,0.0,2.17072626540471e-09
1,test,521,0.0,0.0,1.4365951983563718e-08
1,test,522,0.0,0.0,3.3440896718417434e-09
1,test,523,0.0,0.0,4.580116234192966e-12
1,test,524,0.0,0.0,0.000438885937910527
1,test,525,0.0,0.0,9.418065019417554e-05
1,test,526,0.0,1.0,0.999932050704956
1,test,527,0.0,0.0,3.034265505519329e-09
1,test,528,0.0,0.0,4.3842304786601005e-11
1,test,529,0.0,0.0,4.895362544152237e-13
1,test,530,0.0,0.0,0.002683598082512617
1,test,531,0.0,0.0,4.3779046360326035e-11
1,test,532,0.0,0.0,2.7422098369811465e-08
1,test,533,0.0,0.0,1.676861138832919e-08
1,test,534,0.0,0.0,2.693892220406724e-09
1,test,535,0.0,0.0,3.1022531743474246e-07
1,test,536,0.0,0.0,0.0006401675054803491
1,test,537,0.0,0.0,1.9559140973512967e-09
1,test,538,0.0,0.0,3.217644106712214e-08
1,test,539,0.0,0.0,4.5468928874470294e-05
1,test,540,0.0,0.0,0.05580945685505867
1,test,541,0.0,0.0,2.0104655787389625e-11
1,test,542,0.0,0.0,3.3368392493571264e-09
1,test,543,0.0,0.0,1.27046984044199e-09
1,test,544,0.0,1.0,0.9999997615814209
1,test,545,0.0,0.0,1.5964815247571096e-06
1,test,546,0.0,0.0,0.019739989191293716
1,test,547,0.0,1.0,0.993095338344574
1,test,548,0.0,0.0,8.192289902009264e-11
1,test,549,0.0,0.0,4.0344211527099105e-08
1,test,550,0.0,0.0,2.3965615950083397e-11
1,test,551,0.0,0.0,7.871684207239049e-12
1,test,552,0.0,0.0,6.556397352114329e-12
1,test,553,0.0,0.0,7.377087058557663e-06
1,test,554,0.0,0.0,7.12398195990005e-11
1,test,555,0.0,0.0,5.930836932677153e-10
1,test,556,0.0,0.0,4.727848754854103e-12
1,test,557,0.0,0.0,1.0415820206333137e-08
1,test,558,0.0,0.0,8.186550104483103e-09
1,test,559,0.0,0.0,4.4029515265719965e-05
1,test,560,0.0,0.0,9.36599462875165e-05
1,test,561,0.0,0.0,8.775738816191314e-12
1,test,562,0.0,0.0,1.24765642262048e-09
1,test,563,0.0,0.0,5.584279733739095e-06
1,test,564,0.0,0.0,5.4215833211745945e-11
1,test,565,0.0,0.0,4.4801086451773386e-11
1,test,566,0.0,0.0,1.2887549916129615e-09
1,test,567,0.0,0.0,6.439932320745356e-08
1,test,568,0.0,0.0,1.2388121127873686e-12
1,test,569,0.0,0.0,3.360510871311395e-12
1,test,570,0.0,0.0,6.136335173323459e-07
1,test,571,0.0,0.0,0.04802355170249939
1,test,572,0.0,0.0,9.09154884709551e-09
1,test,573,0.0,0.0,7.919597755368102e-10
1,test,574,0.0,0.0,4.434409220266389e-06
1,test,575,0.0,0.0,3.675644677514356e-09
1,test,576,0.0,0.0,4.886997057029774e-12
1,test,577,0.0,1.0,0.9996534585952759
1,test,578,0.0,0.0,5.461099135573022e-05
1,test,579,0.0,0.0,0.0017461085226386786
1,test,580,0.0,1.0,0.9961816072463989
1,test,581,0.0,0.0,3.396380676701227e-10
1,test,582,0.0,0.0,0.4836038649082184
1,test,583,0.0,0.0,1.2151527783998972e-08
1,test,584,0.0,0.0,2.642068508418305e-10
1,test,585,0.0,0.0,2.1554640017296123e-10
1,test,586,0.0,0.0,9.702201264616406e-10
1,test,587,0.0,0.0,3.8953662517826615e-10
1,test,588,0.0,0.0,3.729863706780634e-08
1,test,589,0.0,0.0,1.9540840300036333e-12
1,test,590,0.0,1.0,0.6095098257064819
1,test,591,0.0,0.0,1.5220975521645919e-12
1,test,592,0.0,0.0,2.857642833475893e-08
1,test,593,0.0,0.0,6.295754584328961e-09
1,test,594,0.0,0.0,7.62780928198481e-07
1,test,595,0.0,0.0,1.3692022093891865e-07
1,test,596,0.0,0.0,6.717776335207759e-10
1,test,597,0.0,0.0,1.6409379063886398e-11
1,test,598,0.0,0.0,1.6193393848062954e-10
1,test,599,0.0,0.0,1.3729548747898335e-11
1,test,600,0.0,0.0,7.384241484942322e-07
1,test,601,0.0,0.0,5.332431371463109e-11
1,test,602,0.0,0.0,1.5660505596315488e-05
1,test,603,0.0,0.0,1.5257624053077734e-09
1,test,604,0.0,0.0,4.451690318457713e-12
1,test,605,0.0,0.0,1.2200418626762133e-11
1,test,606,0.0,1.0,0.9995251893997192
1,test,607,0.0,0.0,7.336633384147362e-11
1,test,608,0.0,0.0,2.678460342409039e-09
1,test,609,0.0,0.0,1.9239558557426761e-10
1,test,610,0.0,0.0,3.303203399696031e-08
1,test,611,0.0,0.0,2.9946676249892334e-07
1,test,612,0.0,0.0,7.331474871641319e-10
1,test,613,0.0,0.0,2.842256707769053e-10
1,test,614,0.0,0.0,1.3102571472245472e-08
1,test,615,0.0,0.0,1.035310726038574e-09
1,test,616,0.0,0.0,1.6538530267506957e-10
1,test,617,0.0,0.0,3.123755160788777e-12
1,test,618,0.0,0.0,7.809943802783437e-10
1,test,619,0.0,0.0,1.431997714851363e-10
1,test,620,0.0,0.0,0.0007340889424085617
1,test,621,0.0,0.0,2.0823067643505055e-06
1,test,622,0.0,0.0,1.8389398892537656e-09
1,test,623,0.0,0.0,3.8530506910050555e-12
1,test,624,0.0,0.0,1.7753104541995413e-10
1,test,625,0.0,0.0,7.328000193447765e-16
1,test,626,0.0,0.0,3.3423671652599296e-07
1,test,627,0.0,1.0,0.6792752146720886
1,test,628,0.0,0.0,2.8678164010198515e-11
1,test,629,0.0,0.0,0.1475709080696106
1,test,630,0.0,0.0,1.8491921309760073e-06
1,test,631,0.0,0.0,1.1227236882405123e-06
1,test,632,0.0,0.0,2.018851091634133e-06
1,test,633,0.0,0.0,2.5905198981490685e-06
1,test,634,0.0,0.0,6.889510473229166e-08
1,test,635,0.0,0.0,0.04970370605587959
1,test,636,0.0,0.0,0.01216075662523508
1,test,637,0.0,0.0,2.191859194144996e-11
1,test,638,0.0,0.0,1.4371460466122699e-08
1,test,639,0.0,0.0,5.403251734925618e-10
1,test,640,0.0,0.0,3.371087575754217e-10
1,test,641,0.0,1.0,0.9998282194137573
1,test,642,0.0,0.0,1.0849796616696494e-09
1,test,643,0.0,0.0,1.8463853709849154e-11
1,test,644,0.0,0.0,7.0289587483785e-08
1,test,645,0.0,0.0,5.341669489546119e-13
1,test,646,0.0,0.0,6.796787958840422e-12
1,test,647,0.0,0.0,5.699091616406804e-06
1,test,648,0.0,0.0,7.5659122558136005e-06
1,test,649,0.0,0.0,1.1106254804715832e-11
1,test,650,0.0,0.0,4.5381377276498824e-05
1,test,651,0.0,0.0,8.416016494816603e-11
1,test,652,0.0,0.0,4.266925354712292e-11
1,test,653,0.0,0.0,3.881953786200043e-11
1,test,654,0.0,0.0,5.0470056578433287e-08
1,test,655,0.0,0.0,2.126411269287587e-09
1,test,656,0.0,0.0,3.7686336895603745e-07
1,test,657,0.0,0.0,1.716070308077633e-08
1,test,658,0.0,0.0,7.866425288938217e-10
1,test,659,0.0,0.0,9.574485011398792e-05
1,test,660,0.0,0.0,3.4350885851075486e-12
1,test,661,0.0,0.0,0.0008521987474523485
1,test,662,0.0,0.0,2.188470108258067e-12
1,test,663,0.0,0.0,2.8612707689279482e-11
1,test,664,0.0,0.0,3.6125402669284767e-10
1,test,665,0.0,0.0,2.499135013517284e-12
1,test,666,0.0,0.0,1.7984816760852063e-11
1,test,667,0.0,0.0,0.00028185639530420303
1,test,668,0.0,0.0,2.9900693334639072e-06
1,test,669,0.0,0.0,3.8453171669061703e-07
1,test,670,0.0,0.0,1.3333297139983546e-12
1,test,671,0.0,0.0,1.8351265263795956e-14
1,test,672,0.0,0.0,3.307050119860655e-11
1,test,673,0.0,0.0,6.364315741080873e-10
1,test,674,0.0,0.0,4.1233474412649684e-09
1,test,675,0.0,0.0,6.322067633846018e-07
1,test,676,0.0,0.0,1.4837702622116922e-08
1,test,677,0.0,0.0,1.618991616117449e-12
1,test,678,0.0,0.0,4.702516154253544e-11
1,test,679,0.0,0.0,1.5886901169603895e-11
1,test,680,0.0,0.0,6.610791558267493e-13
1,test,681,0.0,0.0,3.255248071099004e-09
1,test,682,0.0,0.0,1.4679501104258863e-12
1,test,683,0.0,1.0,0.9096628427505493
1,test,684,0.0,0.0,9.263668943049197e-09
1,test,685,0.0,0.0,1.114436187776846e-08
1,test,686,0.0,1.0,0.9985437393188477
1,test,687,0.0,0.0,6.942572072787812e-10
1,test,688,0.0,0.0,1.0497731572911562e-08
1,test,689,0.0,0.0,8.347807778363858e-09
1,test,690,0.0,0.0,1.69849156961277e-09
1,test,691,0.0,0.0,8.197693392164584e-12
1,test,692,0.0,0.0,5.855048113012629e-10
1,test,693,0.0,0.0,2.3913223685667617e-06
1,test,694,0.0,0.0,6.948165598430478e-09
1,test,695,0.0,0.0,5.567351728285111e-14
1,test,696,0.0,0.0,5.223035373091989e-07
1,test,697,0.0,0.0,2.338990980066402e-12
1,test,698,0.0,0.0,1.539380289905523e-10
1,test,699,0.0,0.0,8.962704467485594e-10
1,test,700,0.0,0.0,2.3576509633471687e-08
1,test,701,0.0,0.0,3.064218745407743e-08
1,test,702,0.0,0.0,1.1360035828689163e-10
1,test,703,0.0,0.0,0.10837243497371674
1,test,704,0.0,0.0,2.6299893818304554e-08
1,test,705,0.0,0.0,4.155075293965638e-05
1,test,706,0.0,0.0,2.834543266772016e-09
1,test,707,0.0,0.0,2.132489497486123e-11
1,test,708,0.0,0.0,5.636395755508061e-14
1,test,709,0.0,1.0,0.999987006187439
1,test,710,0.0,0.0,3.128640402305649e-11
1,test,711,0.0,0.0,8.228939196719409e-10
1,test,712,0.0,0.0,4.4596128873086727e-11
1,test,713,0.0,0.0,1.9735295342382386e-10
1,test,714,0.0,0.0,3.1385292142971366e-09
1,test,715,0.0,0.0,2.894739135894664e-11
1,test,716,0.0,1.0,0.9998853206634521
1,test,717,0.0,0.0,4.599989660014625e-12
1,test,718,0.0,0.0,1.2269874005710335e-10
1,test,719,0.0,0.0,2.1569581676317284e-09
1,test,720,0.0,0.0,1.2978715324685197e-10
1,test,721,0.0,0.0,8.480475766070583e-10
1,test,722,0.0,0.0,4.4384346198356184e-10
1,test,723,0.0,0.0,1.2898259717231131e-11
1,test,724,0.0,0.0,1.63699844790699e-08
1,test,725,0.0,0.0,0.19287237524986267
1,test,726,0.0,1.0,0.7722563743591309
1,test,727,0.0,0.0,6.934380847312127e-10
1,test,728,0.0,0.0,1.5793514762663108e-07
1,test,729,0.0,0.0,2.5160387662204187e-11
1,test,730,0.0,0.0,7.023052972510158e-11
1,test,731,0.0,0.0,6.195851054435764e-10
1,test,732,0.0,0.0,7.892510700980432e-15
1,test,733,0.0,0.0,2.5404246414839626e-11
1,test,734,0.0,0.0,9.439714290238044e-07
1,test,735,0.0,0.0,3.242692514504597e-07
1,test,736,0.0,0.0,7.690428560636065e-07
1,test,737,0.0,0.0,0.0037297443486750126
1,test,738,0.0,0.0,0.0014189901994541287
1,test,739,0.0,0.0,1.5609437468810938e-05
1,test,740,0.0,0.0,4.592275004711155e-08
1,test,741,0.0,0.0,0.016059469431638718
1,test,742,0.0,0.0,1.3545327082198355e-09
1,test,743,0.0,0.0,4.518889169108364e-12
1,test,744,0.0,0.0,1.2374190561104115e-08
1,test,745,0.0,0.0,1.2750026812113902e-08
1,test,746,0.0,0.0,1.859111753432785e-10
1,test,747,0.0,0.0,8.860403077903811e-09
1,test,748,0.0,0.0,2.615868632815932e-10
1,test,749,0.0,0.0,1.2847005681493329e-09
1,test,750,0.0,0.0,9.49452143572671e-08
1,test,751,0.0,0.0,1.0682650781745906e-06
1,test,752,0.0,0.0,9.245587558352406e-14
1,test,753,0.0,0.0,7.505256860440568e-08
1,test,754,0.0,0.0,1.0026296237697352e-08
1,test,755,0.0,0.0,4.4096228890566636e-08
1,test,756,0.0,0.0,0.00011226288916077465
1,test,757,0.0,0.0,9.184931704098176e-10
1,test,758,0.0,0.0,4.443309364887682e-08
1,test,759,0.0,0.0,0.0038541678804904222
1,test,760,0.0,0.0,1.0985958033581968e-14
1,test,761,0.0,0.0,1.0161767260985499e-10
1,test,762,0.0,0.0,2.7248553413627974e-10
1,test,763,0.0,0.0,2.2083283965912415e-06
1,test,764,0.0,0.0,1.6170027816730936e-10
1,test,765,0.0,0.0,1.8040536176044952e-08
1,test,766,0.0,0.0,1.4983382590205707e-10
1,test,767,0.0,0.0,9.221733421327372e-08
1,test,768,0.0,0.0,5.271859337963036e-13
1,test,769,0.0,0.0,1.428062432751176e-07
1,test,770,0.0,0.0,1.8136373910238035e-05
1,test,771,0.0,0.0,0.07653620839118958
1,test,772,0.0,0.0,3.022337935476571e-09
1,test,773,0.0,0.0,1.4958119436414563e-06
1,test,774,0.0,0.0,1.6184005524610967e-10
1,test,775,0.0,0.0,0.0831763818860054
1,test,776,0.0,0.0,4.166949446084145e-13
1,test,777,0.0,0.0,0.45632630586624146
1,test,778,0.0,1.0,0.9999607801437378
1,test,779,0.0,1.0,1.0
1,test,780,0.0,0.0,0.0003564567887224257
1,test,781,0.0,0.0,9.922489425662206e-07
1,test,782,0.0,0.0,2.3010115948046694e-12
1,test,783,0.0,0.0,0.00014219791046343744
1,test,784,0.0,0.0,9.23092366433842e-11
1,test,785,0.0,0.0,0.4752195477485657
1,test,786,0.0,0.0,1.0957180052173499e-07
1,test,787,0.0,0.0,2.2822204126526913e-09
1,test,788,0.0,0.0,0.4798547029495239
1,test,789,0.0,0.0,4.44258944298781e-07
1,test,790,0.0,0.0,0.020496729761362076
1,test,791,0.0,0.0,6.4681489907235466e-15
1,test,792,0.0,0.0,8.851251329100585e-12
1,test,793,0.0,1.0,0.7283292412757874
1,test,794,0.0,0.0,1.1051842818687874e-07
1,test,795,0.0,0.0,0.012566404417157173
1,test,796,0.0,0.0,2.8072886029684163e-11
1,test,797,0.0,0.0,8.321502065200548e-08
1,test,798,0.0,0.0,5.057364660387975e-07
1,test,799,0.0,0.0,0.016059476882219315
1,test,800,0.0,0.0,2.06445183721371e-05
1,test,801,0.0,0.0,2.7515811851230865e-09
1,test,802,0.0,0.0,7.283215381903574e-07
1,test,803,0.0,0.0,4.630677707950781e-08
1,test,804,0.0,0.0,2.196836248913314e-06
1,test,805,0.0,0.0,4.1234648074511826e-13
1,test,806,0.0,0.0,8.044228477777082e-12
1,test,807,0.0,0.0,2.318334413331513e-11
1,test,808,0.0,0.0,1.6594847718209849e-09
1,test,809,0.0,0.0,2.57301668860066e-09
1,test,810,0.0,0.0,0.0005254403804428875
1,test,811,0.0,0.0,3.1671215650064255e-10
1,test,812,0.0,1.0,0.8027005195617676
1,test,813,0.0,0.0,1.6410756434326323e-11
1,test,814,0.0,0.0,1.1994337967280444e-07
1,test,815,0.0,0.0,0.0001241055433638394
1,test,816,0.0,0.0,3.007111892827652e-09
1,test,817,0.0,0.0,7.915202374824196e-14
1,test,818,0.0,0.0,4.0909740872674405e-11
1,test,819,0.0,1.0,0.9999911785125732
1,test,820,0.0,0.0,1.2413904570962586e-08
1,test,821,0.0,0.0,1.987957576332633e-10
1,test,822,0.0,0.0,3.9352295289063477e-07
1,test,823,0.0,0.0,0.017443964257836342
1,test,824,0.0,0.0,0.03216427564620972
1,test,825,0.0,0.0,1.0155438772904701e-12
1,test,826,0.0,0.0,9.142023804642463e-10
1,test,827,0.0,0.0,1.1925391163458698e-07
1,test,828,0.0,0.0,0.0005750936106778681
1,test,829,0.0,0.0,2.6950807807679666e-08
1,test,830,0.0,0.0,6.829024901122693e-09
1,test,831,0.0,0.0,8.713390009518207e-09
1,test,832,0.0,0.0,8.154821875789393e-16
1,test,833,0.0,0.0,6.923631806765584e-11
1,test,834,0.0,0.0,0.19574466347694397
1,test,835,0.0,0.0,9.578752901973075e-09
1,test,836,0.0,0.0,6.612273922845802e-11
1,test,837,0.0,0.0,5.127136237272067e-13
1,test,838,0.0,0.0,1.491163814648644e-08
1,test,839,0.0,0.0,1.714740847091889e-07
1,test,840,0.0,0.0,6.55852474551466e-08
1,test,841,0.0,0.0,1.5700969413501298e-08
1,test,842,0.0,1.0,0.995794415473938
1,test,843,0.0,0.0,2.115049024808968e-09
1,test,844,0.0,0.0,1.597949328413506e-08
1,test,845,0.0,0.0,3.843781890000564e-11
1,test,846,0.0,0.0,2.6491818516660715e-07
1,test,847,0.0,0.0,3.2708635799849617e-09
1,test,848,0.0,1.0,0.9286767244338989
1,test,849,0.0,0.0,4.765379757465382e-10
1,test,850,0.0,0.0,6.34539842891968e-09
1,test,851,0.0,0.0,4.5734731106417126e-12
1,test,852,0.0,0.0,2.2742606020642597e-08
1,test,853,0.0,0.0,6.04237326840007e-09
1,test,854,0.0,0.0,0.001863296376541257
1,test,855,0.0,0.0,9.31660011360691e-08
1,test,856,0.0,0.0,1.1560519208586584e-10
1,test,857,0.0,0.0,1.2242352909197507e-07
1,test,858,0.0,1.0,0.8629570007324219
1,test,859,0.0,1.0,0.7012841105461121
1,test,860,0.0,0.0,8.683493035732681e-09
1,test,861,0.0,0.0,7.222830333830643e-08
1,test,862,0.0,0.0,1.4963557077862788e-06
1,test,863,0.0,0.0,0.0025146992411464453
1,test,864,0.0,0.0,6.784891297684226e-07
1,test,865,0.0,0.0,1.2266369253666198e-07
1,test,866,0.0,0.0,6.609342850794064e-09
1,test,867,0.0,0.0,1.5069420711277814e-10
1,test,868,0.0,0.0,4.0942800261234424e-09
1,test,869,0.0,0.0,8.916995284380391e-07
1,test,870,0.0,0.0,1.936687567649642e-06
1,test,871,0.0,0.0,1.227632253665567e-12
1,test,872,0.0,1.0,0.5416715741157532
1,test,873,0.0,0.0,8.566695032641292e-05
1,test,874,0.0,0.0,1.6718621116424554e-13
1,test,875,0.0,0.0,3.960329195251688e-06
1,test,876,0.0,0.0,7.299006954397669e-10
1,test,877,0.0,0.0,1.267022469164658e-07
1,test,878,0.0,0.0,4.481552975943437e-11
1,test,879,0.0,0.0,7.080966455547122e-12
1,test,880,0.0,0.0,0.00672306539490819
1,test,881,0.0,0.0,0.1048591211438179
1,test,882,0.0,0.0,4.677066954172915e-06
1,test,883,0.0,0.0,1.7616616787563544e-06
1,test,884,0.0,0.0,3.3507681074240736e-09
1,test,885,0.0,0.0,2.61072196847123e-12
1,test,886,0.0,0.0,3.1833768954214747e-10
1,test,887,0.0,0.0,5.192922358787655e-08
1,test,888,0.0,0.0,7.873934393387572e-09
1,test,889,0.0,0.0,3.2365427614422515e-05
1,test,890,0.0,1.0,0.9849440455436707
1,test,891,0.0,0.0,1.5478870409424417e-05
1,test,892,0.0,0.0,1.5786925933181095e-10
1,test,893,0.0,0.0,7.648337692345297e-12
1,test,894,0.0,0.0,3.3879097444122763e-11
1,test,895,0.0,0.0,1.8780623722847167e-09
1,test,896,0.0,0.0,1.1380362208157635e-09
1,test,897,0.0,0.0,1.956079489437835e-19
1,test,898,0.0,0.0,8.092176706497867e-09
1,test,899,0.0,0.0,4.914731377425596e-08
1,test,900,0.0,0.0,3.04783861793112e-05
1,test,901,0.0,1.0,0.9369000792503357
1,test,902,0.0,0.0,6.224026155576823e-11
1,test,903,0.0,0.0,9.639551309947869e-12
1,test,904,0.0,0.0,1.3068325718443297e-12
1,test,905,0.0,0.0,2.82820855623811e-09
1,test,906,0.0,0.0,2.8287820086347892e-08
1,test,907,0.0,0.0,8.880464696936485e-10
1,test,908,0.0,1.0,0.9589956998825073
1,test,909,0.0,0.0,4.27675186931431e-11
1,test,910,0.0,0.0,1.0278309758859905e-07
1,test,911,0.0,0.0,0.019281907007098198
1,test,912,0.0,0.0,3.266598688593525e-13
1,test,913,0.0,0.0,4.4191643400193215e-11
1,test,914,0.0,0.0,4.989609281302876e-10
1,test,915,0.0,0.0,3.025149228341739e-11
1,test,916,0.0,0.0,5.415343548520468e-05
1,test,917,0.0,0.0,1.0934272150903146e-12
1,test,918,0.0,0.0,1.5726193947334516e-13
1,test,919,0.0,0.0,6.010845033516121e-12
1,test,920,0.0,0.0,3.7686803011638403e-07
1,test,921,0.0,0.0,0.00010786580969579518
1,test,922,0.0,0.0,6.918014880570589e-13
1,test,923,0.0,0.0,2.5088761623770495e-10
1,test,924,0.0,1.0,0.9998630285263062
1,test,925,0.0,0.0,7.246492739199084e-09
1,test,926,0.0,0.0,0.00023875877377577126
1,test,927,0.0,0.0,6.032904176223042e-10
1,test,928,0.0,0.0,2.123691666966465e-09
1,test,929,0.0,0.0,1.054360375049579e-12
1,test,930,0.0,0.0,2.8838300562654406e-13
1,test,931,0.0,0.0,1.0767097791131164e-07
1,test,932,0.0,0.0,5.090117216610679e-10
1,test,933,0.0,0.0,1.0015926976691958e-10
1,test,934,0.0,0.0,2.345448835150421e-10
1,test,935,0.0,0.0,7.461366635652666e-08
1,test,936,0.0,0.0,2.8990085072094773e-12
1,test,937,0.0,0.0,1.682595939200837e-05
1,test,938,0.0,0.0,1.2298839724422805e-09
1,test,939,0.0,0.0,8.312435077284866e-14
1,test,940,0.0,0.0,1.2911138824733825e-10
1,test,941,0.0,0.0,1.2756636857957915e-09
1,test,942,0.0,1.0,0.9947724938392639
1,test,943,0.0,0.0,5.653452966186689e-13
1,test,944,0.0,0.0,2.761355608527083e-05
1,test,945,0.0,1.0,0.9999765157699585
1,test,946,0.0,0.0,1.1060799387507814e-08
1,test,947,0.0,0.0,8.950065772810688e-17
1,test,948,0.0,0.0,3.3399660424038302e-06
1,test,949,0.0,0.0,9.11808280788795e-13
1,test,950,0.0,0.0,3.5123117747559718e-09
1,test,951,0.0,0.0,3.45116213384955e-10
1,test,952,0.0,0.0,4.761847804957142e-09
1,test,953,0.0,0.0,3.062594259972684e-06
1,test,954,0.0,1.0,0.5488208532333374
1,test,955,0.0,1.0,0.8709394931793213
1,test,956,0.0,0.0,1.408508552847021e-11
1,test,957,0.0,0.0,1.1719709647195486e-09
1,test,958,0.0,0.0,7.214766355900792e-06
1,test,959,0.0,0.0,2.544495647169298e-13
1,test,960,0.0,0.0,7.359625353586807e-09
1,test,961,0.0,0.0,0.34431058168411255
1,test,962,0.0,0.0,1.529346094208961e-09
1,test,963,0.0,0.0,5.052358531543177e-09
1,test,964,0.0,0.0,4.0045247798109126e-14
1,test,965,1.0,1.0,1.0
1,test,966,1.0,1.0,1.0
1,test,967,1.0,1.0,1.0
1,test,968,1.0,1.0,1.0
1,test,969,1.0,1.0,1.0
1,test,970,1.0,1.0,1.0
1,test,971,1.0,1.0,1.0
1,test,972,1.0,1.0,1.0
1,test,973,1.0,1.0,1.0
1,test,974,1.0,1.0,1.0
1,test,975,1.0,1.0,1.0
1,test,976,1.0,1.0,1.0
1,test,977,1.0,1.0,1.0
1,test,978,1.0,1.0,1.0
1,test,979,1.0,1.0,1.0
1,test,980,1.0,1.0,1.0
1,test,981,1.0,1.0,1.0
1,test,982,1.0,1.0,1.0
1,test,983,1.0,1.0,1.0
1,test,984,1.0,1.0,1.0
1,test,985,1.0,1.0,1.0
1,test,986,1.0,1.0,1.0
1,test,987,1.0,1.0,1.0
1,test,988,1.0,1.0,1.0
1,test,989,1.0,1.0,1.0
1,test,990,1.0,1.0,1.0
1,test,991,1.0,1.0,1.0
1,test,992,1.0,1.0,1.0
1,test,993,1.0,1.0,1.0
1,test,994,1.0,1.0,1.0
1,test,995,1.0,1.0,1.0
1,test,996,1.0,1.0,1.0
1,test,997,1.0,1.0,1.0
1,test,998,1.0,1.0,1.0
1,test,999,1.0,1.0,1.0
1,test,1000,1.0,1.0,1.0
1,test,1001,1.0,1.0,1.0
1,test,1002,1.0,1.0,1.0
1,test,1003,1.0,1.0,1.0
1,test,1004,1.0,1.0,1.0
1,test,1005,1.0,1.0,1.0
1,test,1006,1.0,1.0,1.0
1,test,1007,1.0,1.0,1.0
1,test,1008,1.0,1.0,1.0
1,test,1009,1.0,1.0,1.0
1,test,1010,1.0,1.0,1.0
1,test,1011,1.0,1.0,0.9999995231628418
1,test,1012,1.0,1.0,1.0
1,test,1013,1.0,1.0,1.0
1,test,1014,1.0,1.0,1.0
1,test,1015,1.0,1.0,1.0
1,test,1016,1.0,1.0,1.0
1,test,1017,1.0,1.0,1.0
1,test,1018,1.0,1.0,1.0
1,test,1019,1.0,1.0,1.0
1,test,1020,1.0,1.0,1.0
1,test,1021,1.0,1.0,1.0
1,test,1022,1.0,1.0,0.9999994039535522
1,test,1023,1.0,1.0,1.0
1,test,1024,1.0,1.0,1.0
1,test,1025,1.0,1.0,1.0
1,test,1026,1.0,1.0,1.0
1,test,1027,1.0,1.0,0.9999998807907104
1,test,1028,1.0,1.0,1.0
1,test,1029,1.0,1.0,1.0
1,test,1030,1.0,1.0,1.0
1,test,1031,1.0,1.0,1.0
1,test,1032,1.0,1.0,1.0
1,test,1033,1.0,1.0,1.0
1,test,1034,1.0,1.0,1.0
1,test,1035,1.0,1.0,1.0
1,test,1036,1.0,1.0,1.0
1,test,1037,1.0,1.0,1.0
1,test,1038,1.0,1.0,1.0
1,test,1039,1.0,1.0,1.0
1,test,1040,1.0,1.0,1.0
1,test,1041,1.0,1.0,1.0
1,test,1042,1.0,1.0,1.0
1,test,1043,1.0,1.0,1.0
1,test,1044,1.0,1.0,1.0
1,test,1045,1.0,1.0,1.0
1,test,1046,1.0,1.0,1.0
1,test,1047,1.0,1.0,1.0
1,test,1048,1.0,1.0,1.0
1,test,1049,1.0,1.0,1.0
1,test,1050,1.0,1.0,1.0
1,test,1051,1.0,1.0,0.9999736547470093
1,test,1052,1.0,1.0,1.0
1,test,1053,1.0,1.0,1.0
1,test,1054,1.0,1.0,1.0
1,test,1055,1.0,1.0,1.0
1,test,1056,1.0,1.0,1.0
1,test,1057,1.0,1.0,1.0
1,test,1058,1.0,1.0,1.0
1,test,1059,1.0,1.0,1.0
1,test,1060,1.0,1.0,1.0
1,test,1061,1.0,1.0,1.0
1,test,1062,1.0,1.0,1.0
1,test,1063,1.0,1.0,0.9999998807907104
1,test,1064,1.0,1.0,1.0
1,test,1065,1.0,1.0,1.0
1,test,1066,1.0,1.0,1.0
1,test,1067,1.0,1.0,0.9999719858169556
1,test,1068,1.0,1.0,1.0
1,test,1069,1.0,1.0,1.0
1,test,1070,1.0,1.0,1.0
1,test,1071,1.0,1.0,1.0
1,test,1072,1.0,1.0,1.0
1,test,1073,1.0,1.0,1.0
1,test,1074,1.0,1.0,1.0
1,test,1075,1.0,1.0,1.0
1,test,1076,1.0,1.0,1.0
1,test,1077,1.0,1.0,1.0
1,test,1078,1.0,1.0,1.0
1,test,1079,1.0,1.0,1.0
1,test,1080,1.0,1.0,1.0
1,test,1081,1.0,1.0,1.0
1,test,1082,1.0,1.0,1.0
1,test,1083,1.0,1.0,0.9999895095825195
1,test,1084,1.0,1.0,1.0
1,test,1085,1.0,1.0,1.0
1,test,1086,1.0,1.0,1.0
1,test,1087,1.0,1.0,1.0
1,test,1088,1.0,1.0,1.0
1,test,1089,1.0,1.0,1.0
1,test,1090,1.0,1.0,1.0
1,test,1091,1.0,1.0,1.0
1,test,1092,1.0,1.0,1.0
1,test,1093,1.0,1.0,1.0
1,test,1094,1.0,1.0,0.9999998807907104
1,test,1095,1.0,1.0,0.9979896545410156
1,test,1096,1.0,1.0,0.9999997615814209
1,test,1097,1.0,1.0,1.0
1,test,1098,1.0,1.0,1.0
1,test,1099,1.0,1.0,1.0
1,test,1100,1.0,1.0,1.0
1,test,1101,1.0,1.0,1.0
1,test,1102,1.0,1.0,1.0
1,test,1103,1.0,1.0,1.0
1,test,1104,1.0,1.0,1.0
1,test,1105,1.0,1.0,0.9999996423721313
1,test,1106,1.0,1.0,1.0
1,test,1107,1.0,1.0,1.0
1,test,1108,1.0,1.0,1.0
1,test,1109,1.0,1.0,1.0
1,test,1110,1.0,1.0,1.0
1,test,1111,1.0,1.0,1.0
1,test,1112,1.0,1.0,1.0
1,test,1113,1.0,1.0,1.0
1,test,1114,1.0,1.0,0.9939674139022827
1,test,1115,1.0,1.0,1.0
1,test,1116,1.0,1.0,1.0
1,test,1117,1.0,1.0,1.0
1,test,1118,1.0,1.0,0.9999998807907104
1,test,1119,1.0,1.0,1.0
1,test,1120,1.0,1.0,1.0
1,test,1121,1.0,1.0,1.0
1,test,1122,1.0,1.0,1.0
1,test,1123,1.0,0.0,0.009787013754248619
1,test,1124,1.0,1.0,1.0
1,test,1125,1.0,1.0,1.0
1,test,1126,1.0,1.0,1.0
1,test,1127,1.0,1.0,0.9999998807907104
1,test,1128,1.0,1.0,1.0
1,test,1129,1.0,1.0,1.0
1,test,1130,1.0,1.0,1.0
1,test,1131,1.0,1.0,1.0
1,test,1132,1.0,1.0,1.0
1,test,1133,1.0,1.0,1.0
1,test,1134,1.0,1.0,1.0
1,test,1135,1.0,1.0,1.0
1,test,1136,1.0,1.0,1.0
1,test,1137,1.0,1.0,1.0
1,test,1138,1.0,1.0,1.0
1,test,1139,1.0,1.0,1.0
1,test,1140,1.0,1.0,1.0
1,test,1141,1.0,1.0,0.9999996423721313
1,test,1142,1.0,1.0,1.0
1,test,1143,1.0,1.0,1.0
1,test,1144,1.0,1.0,0.9998492002487183
1,test,1145,1.0,1.0,1.0
1,test,1146,1.0,1.0,0.999956488609314
1,test,1147,1.0,1.0,1.0
1,test,1148,1.0,1.0,1.0
1,test,1149,1.0,1.0,1.0
1,test,1150,1.0,1.0,1.0
1,test,1151,1.0,1.0,1.0
1,test,1152,1.0,1.0,0.9999970197677612
1,test,1153,1.0,1.0,1.0
1,test,1154,1.0,1.0,1.0
1,test,1155,1.0,1.0,1.0
1,test,1156,1.0,1.0,1.0
1,test,1157,1.0,1.0,1.0
1,test,1158,1.0,1.0,1.0
1,test,1159,1.0,1.0,1.0
1,test,1160,1.0,1.0,1.0
1,test,1161,1.0,1.0,1.0
1,test,1162,1.0,1.0,1.0
1,test,1163,1.0,1.0,1.0
1,test,1164,1.0,1.0,1.0
1,test,1165,1.0,1.0,1.0
1,test,1166,1.0,1.0,1.0
1,test,1167,1.0,1.0,1.0
1,test,1168,1.0,1.0,1.0
1,test,1169,1.0,1.0,1.0
1,test,1170,1.0,1.0,1.0
1,test,1171,1.0,1.0,1.0
1,test,1172,1.0,1.0,1.0
1,test,1173,1.0,1.0,0.9996756315231323
1,test,1174,1.0,1.0,1.0
1,test,1175,1.0,1.0,1.0
1,test,1176,1.0,1.0,1.0
1,test,1177,1.0,1.0,1.0
1,test,1178,1.0,1.0,1.0
1,test,1179,1.0,1.0,1.0
1,test,1180,1.0,1.0,1.0
1,test,1181,1.0,1.0,1.0
1,test,1182,1.0,1.0,1.0
1,test,1183,1.0,1.0,0.9999998807907104
1,test,1184,1.0,1.0,1.0
1,test,1185,1.0,1.0,1.0
1,test,1186,1.0,1.0,0.9999998807907104
1,test,1187,1.0,1.0,1.0
1,test,1188,1.0,1.0,1.0
1,test,1189,1.0,1.0,1.0
1,test,1190,1.0,1.0,1.0
1,test,1191,1.0,1.0,1.0
1,test,1192,1.0,1.0,1.0
1,test,1193,1.0,1.0,1.0
1,test,1194,1.0,1.0,1.0
1,test,1195,1.0,1.0,1.0
1,test,1196,1.0,1.0,1.0
1,test,1197,1.0,1.0,1.0
1,test,1198,1.0,1.0,1.0
1,test,1199,1.0,1.0,1.0
1,test,1200,1.0,1.0,1.0
1,test,1201,1.0,1.0,1.0
1,test,1202,1.0,1.0,1.0
1,test,1203,1.0,1.0,1.0
1,test,1204,1.0,1.0,1.0
1,test,1205,1.0,1.0,1.0
1,test,1206,1.0,1.0,1.0
1,test,1207,1.0,1.0,1.0
1,test,1208,1.0,1.0,1.0
1,test,1209,1.0,1.0,1.0
1,test,1210,1.0,1.0,1.0
1,test,1211,1.0,1.0,0.9999998807907104
1,test,1212,1.0,1.0,1.0
1,test,1213,1.0,1.0,1.0
1,test,1214,1.0,1.0,0.9999996423721313
1,test,1215,1.0,1.0,1.0
1,test,1216,1.0,1.0,0.994771420955658
1,test,1217,1.0,1.0,1.0
1,test,1218,1.0,1.0,0.9999997615814209
1,test,1219,1.0,1.0,1.0
1,test,1220,1.0,1.0,0.9999997615814209
1,test,1221,1.0,1.0,0.9999998807907104
1,test,1222,1.0,1.0,1.0
1,test,1223,1.0,1.0,1.0
1,test,1224,1.0,1.0,1.0
1,test,1225,1.0,1.0,1.0
1,test,1226,1.0,1.0,1.0
1,test,1227,1.0,1.0,1.0
1,test,1228,1.0,1.0,1.0
1,test,1229,1.0,1.0,1.0
1,test,1230,1.0,1.0,0.9999998807907104
1,test,1231,1.0,1.0,1.0
1,test,1232,1.0,1.0,1.0
1,test,1233,1.0,1.0,1.0
1,test,1234,1.0,1.0,1.0
1,test,1235,1.0,1.0,1.0
1,test,1236,1.0,1.0,0.9999998807907104
1,test,1237,1.0,1.0,1.0
1,test,1238,1.0,1.0,1.0
1,test,1239,1.0,1.0,1.0
1,test,1240,1.0,1.0,1.0
1,test,1241,1.0,1.0,1.0
1,test,1242,1.0,1.0,1.0
1,test,1243,1.0,1.0,1.0
1,test,1244,1.0,1.0,1.0
1,test,1245,1.0,1.0,1.0
1,test,1246,1.0,1.0,1.0
1,test,1247,1.0,1.0,1.0
1,test,1248,1.0,1.0,1.0
1,test,1249,1.0,1.0,1.0
1,test,1250,1.0,1.0,1.0
1,test,1251,1.0,1.0,1.0
1,test,1252,1.0,1.0,1.0
1,test,1253,1.0,1.0,1.0
1,test,1254,1.0,1.0,1.0
1,test,1255,1.0,1.0,1.0
1,test,1256,1.0,1.0,1.0
1,test,1257,1.0,1.0,0.9994907379150391
1,test,1258,1.0,1.0,1.0
1,test,1259,1.0,1.0,1.0
1,test,1260,1.0,1.0,1.0
1,test,1261,1.0,1.0,1.0
1,test,1262,1.0,1.0,1.0
1,test,1263,1.0,1.0,0.9999996423721313
1,test,1264,1.0,1.0,1.0
1,test,1265,1.0,1.0,1.0
1,test,1266,1.0,1.0,1.0
1,test,1267,1.0,1.0,1.0
1,test,1268,1.0,1.0,1.0
1,test,1269,1.0,1.0,1.0
1,test,1270,1.0,1.0,1.0
1,test,1271,1.0,1.0,1.0
1,test,1272,1.0,1.0,1.0
1,test,1273,1.0,1.0,1.0
1,test,1274,1.0,1.0,1.0
1,test,1275,1.0,1.0,1.0
1,test,1276,1.0,1.0,1.0
1,test,1277,1.0,1.0,1.0
1,test,1278,1.0,1.0,1.0
1,test,1279,1.0,1.0,1.0
1,test,1280,1.0,1.0,1.0
1,test,1281,1.0,1.0,1.0
1,test,1282,1.0,1.0,1.0
1,test,1283,1.0,1.0,1.0
1,test,1284,1.0,1.0,1.0
1,test,1285,1.0,1.0,1.0
1,test,1286,1.0,1.0,1.0
1,test,1287,1.0,1.0,1.0
1,test,1288,1.0,1.0,1.0
1,test,1289,1.0,1.0,1.0
1,test,1290,1.0,1.0,1.0
1,test,1291,1.0,1.0,1.0
1,test,1292,1.0,1.0,1.0
1,test,1293,1.0,1.0,1.0
1,test,1294,1.0,1.0,1.0
1,test,1295,1.0,1.0,1.0
1,test,1296,1.0,1.0,1.0
1,test,1297,1.0,1.0,1.0
1,test,1298,1.0,1.0,1.0
1,test,1299,1.0,1.0,1.0
1,test,1300,1.0,1.0,1.0
1,test,1301,1.0,1.0,1.0
1,test,1302,1.0,1.0,1.0
1,test,1303,1.0,1.0,1.0
1,test,1304,1.0,1.0,1.0
1,test,1305,1.0,1.0,1.0
1,test,1306,1.0,1.0,1.0
1,test,1307,1.0,1.0,1.0
1,test,1308,1.0,1.0,1.0
1,test,1309,1.0,1.0,1.0
1,test,1310,1.0,1.0,1.0
1,test,1311,1.0,1.0,1.0
1,test,1312,1.0,1.0,1.0
1,test,1313,1.0,0.0,0.1954435557126999
1,test,1314,1.0,1.0,1.0
1,test,1315,1.0,1.0,1.0
1,test,1316,1.0,1.0,1.0
1,test,1317,1.0,1.0,0.9999998807907104
1,test,1318,1.0,1.0,1.0
1,test,1319,1.0,1.0,1.0
1,test,1320,1.0,1.0,1.0
1,test,1321,1.0,1.0,1.0
1,test,1322,1.0,1.0,1.0
1,test,1323,1.0,1.0,1.0
1,test,1324,1.0,1.0,1.0
1,test,1325,1.0,1.0,1.0
1,test,1326,1.0,1.0,1.0
1,test,1327,1.0,1.0,1.0
1,test,1328,1.0,1.0,1.0
1,test,1329,1.0,1.0,1.0
1,test,1330,1.0,1.0,1.0
1,test,1331,1.0,1.0,1.0
1,test,1332,1.0,1.0,1.0
1,test,1333,1.0,1.0,1.0
1,test,1334,1.0,1.0,1.0
1,test,1335,1.0,1.0,1.0
1,test,1336,1.0,1.0,1.0
1,test,1337,1.0,1.0,1.0
1,test,1338,1.0,1.0,1.0
1,test,1339,1.0,1.0,1.0
1,test,1340,1.0,1.0,1.0
1,test,1341,1.0,1.0,1.0
1,test,1342,1.0,1.0,1.0
1,test,1343,1.0,1.0,0.9999924898147583
1,test,1344,1.0,1.0,1.0
1,test,1345,1.0,1.0,0.9999984502792358
1,test,1346,1.0,1.0,1.0
1,test,1347,1.0,1.0,1.0
1,test,1348,1.0,1.0,1.0
1,test,1349,1.0,1.0,1.0
1,test,1350,1.0,1.0,1.0
1,test,1351,1.0,1.0,1.0
1,test,1352,1.0,1.0,1.0
1,test,1353,1.0,1.0,1.0
1,test,1354,1.0,1.0,1.0
1,test,1355,1.0,1.0,1.0
1,test,1356,1.0,1.0,1.0
1,test,1357,1.0,1.0,1.0
1,test,1358,1.0,1.0,1.0
1,test,1359,1.0,1.0,1.0
1,test,1360,1.0,1.0,1.0
1,test,1361,1.0,1.0,1.0
1,test,1362,1.0,1.0,1.0
1,test,1363,1.0,1.0,1.0
1,test,1364,1.0,1.0,0.9999998807907104
1,test,1365,1.0,1.0,1.0
1,test,1366,1.0,1.0,1.0
1,test,1367,1.0,1.0,1.0
1,test,1368,1.0,1.0,1.0
1,test,1369,1.0,1.0,1.0
1,test,1370,1.0,1.0,1.0
1,test,1371,1.0,1.0,1.0
1,test,1372,1.0,1.0,1.0
1,test,1373,1.0,1.0,1.0
1,test,1374,1.0,1.0,0.9999998807907104
1,test,1375,1.0,1.0,1.0
1,test,1376,1.0,1.0,1.0
1,test,1377,1.0,1.0,1.0
1,test,1378,1.0,1.0,1.0
1,test,1379,1.0,1.0,1.0
1,test,1380,1.0,1.0,1.0
1,test,1381,1.0,1.0,1.0
1,test,1382,1.0,1.0,1.0
1,test,1383,1.0,1.0,1.0
1,test,1384,1.0,1.0,1.0
1,test,1385,1.0,1.0,1.0
1,test,1386,1.0,1.0,1.0
1,test,1387,1.0,1.0,1.0
1,test,1388,1.0,1.0,0.9999973773956299
1,test,1389,1.0,1.0,1.0
1,test,1390,1.0,1.0,1.0
1,test,1391,1.0,1.0,1.0
1,test,1392,1.0,1.0,1.0
1,test,1393,1.0,1.0,1.0
1,test,1394,1.0,1.0,1.0
1,test,1395,1.0,1.0,1.0
1,test,1396,1.0,1.0,1.0
1,test,1397,1.0,1.0,1.0
1,test,1398,1.0,1.0,1.0
1,test,1399,1.0,1.0,0.9999998807907104
1,test,1400,1.0,1.0,1.0
1,test,1401,1.0,1.0,0.9999940395355225
1,test,1402,1.0,1.0,1.0
1,test,1403,1.0,1.0,1.0
1,test,1404,1.0,1.0,1.0
1,test,1405,1.0,1.0,1.0
1,test,1406,1.0,1.0,1.0
1,test,1407,1.0,1.0,1.0
1,test,1408,1.0,1.0,1.0
1,test,1409,1.0,1.0,1.0
1,test,1410,1.0,1.0,1.0
1,test,1411,1.0,1.0,1.0
1,test,1412,1.0,1.0,1.0
1,test,1413,1.0,1.0,1.0
1,test,1414,1.0,1.0,1.0
1,test,1415,1.0,1.0,1.0
1,test,1416,1.0,1.0,1.0
1,test,1417,1.0,1.0,1.0
1,test,1418,1.0,1.0,1.0
1,test,1419,1.0,1.0,1.0
1,test,1420,1.0,1.0,1.0
1,test,1421,1.0,1.0,0.9999998807907104
1,test,1422,1.0,1.0,1.0
1,test,1423,1.0,1.0,1.0
1,test,1424,1.0,1.0,1.0
1,test,1425,1.0,1.0,1.0
1,test,1426,1.0,1.0,1.0
1,test,1427,1.0,1.0,1.0
1,test,1428,1.0,1.0,1.0
1,test,1429,1.0,1.0,1.0
1,test,1430,1.0,1.0,1.0
1,test,1431,1.0,1.0,1.0
1,test,1432,1.0,1.0,1.0
1,test,1433,1.0,1.0,0.9999998807907104
1,test,1434,1.0,1.0,1.0
1,test,1435,1.0,1.0,1.0
1,test,1436,1.0,1.0,1.0
1,test,1437,1.0,1.0,1.0
1,test,1438,1.0,1.0,1.0
1,test,1439,1.0,1.0,1.0
1,test,1440,1.0,1.0,1.0
1,test,1441,1.0,1.0,1.0
1,test,1442,1.0,1.0,1.0
1,test,1443,1.0,1.0,1.0
1,test,1444,1.0,1.0,1.0
1,test,1445,1.0,1.0,1.0
1,test,1446,1.0,1.0,1.0
1,test,1447,1.0,1.0,1.0
1,test,1448,1.0,1.0,1.0
1,test,1449,1.0,1.0,1.0
1,test,1450,1.0,1.0,1.0
1,test,1451,1.0,1.0,1.0
1,test,1452,1.0,1.0,1.0
1,test,1453,1.0,1.0,1.0
1,test,1454,1.0,1.0,1.0
1,test,1455,1.0,1.0,1.0
1,test,1456,1.0,1.0,1.0
1,test,1457,1.0,1.0,0.9999010562896729
1,test,1458,1.0,1.0,0.9999927282333374
1,test,1459,1.0,1.0,1.0
1,test,1460,1.0,1.0,1.0
1,test,1461,1.0,1.0,1.0
1,test,1462,1.0,1.0,1.0
1,test,1463,1.0,1.0,1.0
1,test,1464,1.0,1.0,1.0
1,test,1465,1.0,1.0,1.0
1,test,1466,1.0,1.0,1.0
1,test,1467,1.0,1.0,1.0
1,test,1468,1.0,1.0,1.0
1,test,1469,1.0,1.0,1.0
1,test,1470,1.0,1.0,0.9999995231628418
1,test,1471,1.0,1.0,1.0
1,test,1472,1.0,1.0,1.0
1,test,1473,1.0,1.0,1.0
1,test,1474,1.0,1.0,1.0
1,test,1475,1.0,1.0,1.0
1,test,1476,1.0,1.0,1.0
1,test,1477,1.0,1.0,1.0
1,test,1478,1.0,1.0,1.0
1,test,1479,1.0,1.0,1.0
1,test,1480,1.0,1.0,1.0
1,test,1481,1.0,1.0,0.9999998807907104
1,test,1482,1.0,1.0,1.0
1,test,1483,1.0,1.0,1.0
1,test,1484,1.0,1.0,1.0
1,test,1485,1.0,1.0,1.0
1,test,1486,1.0,1.0,1.0
1,test,1487,1.0,1.0,1.0
1,test,1488,1.0,1.0,1.0
1,test,1489,1.0,1.0,0.999345600605011
1,test,1490,1.0,1.0,1.0
1,test,1491,1.0,1.0,1.0
1,test,1492,1.0,1.0,1.0
1,test,1493,1.0,1.0,1.0
1,test,1494,1.0,1.0,1.0
1,test,1495,1.0,1.0,1.0
1,test,1496,1.0,1.0,1.0
1,test,1497,1.0,1.0,0.9999977350234985
1,test,1498,1.0,1.0,1.0
1,test,1499,1.0,1.0,1.0
1,test,1500,1.0,1.0,1.0
1,test,1501,1.0,1.0,1.0
1,test,1502,1.0,1.0,1.0
1,test,1503,1.0,1.0,1.0
1,test,1504,1.0,1.0,1.0
1,test,1505,1.0,1.0,1.0
1,test,1506,1.0,1.0,1.0
1,test,1507,1.0,1.0,1.0
1,test,1508,1.0,1.0,0.9999998807907104
1,test,1509,1.0,1.0,0.9999995231628418
1,test,1510,1.0,1.0,1.0
1,test,1511,1.0,1.0,1.0
1,test,1512,1.0,1.0,1.0
1,test,1513,1.0,1.0,1.0
1,test,1514,1.0,1.0,1.0
1,test,1515,1.0,1.0,1.0
1,test,1516,1.0,1.0,1.0
1,test,1517,1.0,1.0,1.0
1,test,1518,1.0,1.0,1.0
1,test,1519,1.0,1.0,1.0
1,test,1520,1.0,1.0,1.0
1,test,1521,1.0,1.0,1.0
1,test,1522,1.0,1.0,0.9999991655349731
1,test,1523,1.0,1.0,1.0
1,test,1524,1.0,1.0,1.0
1,test,1525,1.0,1.0,1.0
1,test,1526,1.0,1.0,1.0
1,test,1527,1.0,1.0,1.0
1,test,1528,1.0,1.0,1.0
1,test,1529,1.0,1.0,1.0
1,test,1530,1.0,1.0,1.0
1,test,1531,1.0,1.0,1.0
1,test,1532,1.0,1.0,1.0
1,test,1533,1.0,1.0,1.0
1,test,1534,1.0,1.0,1.0
1,test,1535,1.0,1.0,1.0
1,test,1536,1.0,1.0,0.9998542070388794
1,test,1537,1.0,1.0,1.0
1,test,1538,1.0,1.0,1.0
1,test,1539,1.0,1.0,0.9060422778129578
1,test,1540,1.0,1.0,1.0
1,test,1541,1.0,1.0,1.0
1,test,1542,1.0,1.0,1.0
1,test,1543,1.0,1.0,1.0
1,test,1544,1.0,1.0,1.0
1,test,1545,1.0,1.0,1.0
1,test,1546,1.0,1.0,1.0
1,test,1547,1.0,1.0,1.0
1,test,1548,1.0,1.0,1.0
1,test,1549,1.0,1.0,1.0
1,test,1550,1.0,1.0,1.0
1,test,1551,1.0,1.0,0.9999266862869263
1,test,1552,1.0,1.0,1.0
1,test,1553,1.0,1.0,1.0
1,test,1554,1.0,1.0,0.9999874830245972
1,test,1555,1.0,1.0,1.0
1,test,1556,1.0,1.0,1.0
1,test,1557,1.0,1.0,1.0
1,test,1558,1.0,1.0,1.0
1,test,1559,1.0,1.0,1.0
1,test,1560,1.0,1.0,1.0
1,test,1561,1.0,1.0,1.0
1,test,1562,1.0,1.0,1.0
1,test,1563,1.0,1.0,1.0
1,test,1564,1.0,1.0,0.9999998807907104
1,test,1565,1.0,1.0,1.0
1,test,1566,1.0,1.0,1.0
1,test,1567,1.0,1.0,1.0
1,test,1568,1.0,1.0,1.0
1,test,1569,1.0,1.0,0.9999992847442627
1,test,1570,1.0,1.0,1.0
1,test,1571,1.0,1.0,1.0
1,test,1572,1.0,1.0,1.0
1,test,1573,1.0,1.0,1.0
1,test,1574,1.0,1.0,1.0
1,test,1575,1.0,1.0,1.0
1,test,1576,1.0,1.0,1.0
1,test,1577,1.0,1.0,1.0
1,test,1578,1.0,1.0,1.0
1,test,1579,1.0,1.0,1.0
1,test,1580,1.0,1.0,1.0
1,test,1581,1.0,1.0,1.0
1,test,1582,1.0,1.0,1.0
1,test,1583,1.0,1.0,1.0
1,test,1584,1.0,1.0,1.0
1,test,1585,1.0,1.0,1.0
1,test,1586,1.0,1.0,1.0
1,test,1587,1.0,1.0,1.0
1,test,1588,1.0,1.0,1.0
1,test,1589,1.0,1.0,1.0
1,test,1590,1.0,1.0,1.0
1,test,1591,1.0,1.0,1.0
1,test,1592,1.0,1.0,1.0
1,test,1593,1.0,1.0,1.0
1,test,1594,1.0,1.0,1.0
1,test,1595,1.0,1.0,1.0
1,test,1596,1.0,1.0,1.0
1,test,1597,1.0,1.0,1.0
1,test,1598,1.0,1.0,1.0
1,test,1599,1.0,1.0,1.0
1,test,1600,1.0,1.0,1.0
1,test,1601,1.0,1.0,1.0
1,test,1602,1.0,1.0,1.0
1,test,1603,1.0,1.0,1.0
1,test,1604,1.0,1.0,1.0
1,test,1605,1.0,1.0,0.9999990463256836
1,test,1606,1.0,1.0,1.0
1,test,1607,1.0,1.0,1.0
1,test,1608,1.0,1.0,0.9999997615814209
1,test,1609,1.0,1.0,1.0
1,test,1610,1.0,1.0,1.0
1,test,1611,1.0,1.0,0.999903678894043
1,test,1612,1.0,1.0,1.0
1,test,1613,1.0,1.0,1.0
1,test,1614,1.0,1.0,1.0
1,test,1615,1.0,1.0,1.0
1,test,1616,1.0,1.0,1.0
1,test,1617,1.0,1.0,1.0
1,test,1618,1.0,1.0,1.0
1,test,1619,1.0,1.0,1.0
1,test,1620,1.0,1.0,1.0
1,test,1621,1.0,1.0,1.0
1,test,1622,1.0,1.0,1.0
1,test,1623,1.0,1.0,1.0
1,test,1624,1.0,1.0,1.0
1,test,1625,1.0,1.0,1.0
1,test,1626,1.0,1.0,0.9999998807907104
1,test,1627,1.0,1.0,0.9999990463256836
1,test,1628,1.0,1.0,1.0
1,test,1629,1.0,1.0,1.0
1,test,1630,1.0,1.0,1.0
1,test,1631,1.0,1.0,1.0
1,test,1632,1.0,1.0,1.0
1,test,1633,1.0,1.0,1.0
1,test,1634,1.0,1.0,0.9999991655349731
1,test,1635,1.0,1.0,1.0
1,test,1636,1.0,1.0,1.0
1,test,1637,1.0,1.0,1.0
1,test,1638,1.0,1.0,1.0
1,test,1639,1.0,1.0,1.0
1,test,1640,1.0,1.0,1.0
1,test,1641,1.0,1.0,1.0
1,test,1642,1.0,1.0,1.0
1,test,1643,1.0,1.0,1.0
1,test,1644,1.0,1.0,1.0
1,test,1645,1.0,1.0,1.0
1,test,1646,1.0,1.0,1.0
1,test,1647,1.0,1.0,1.0
1,test,1648,1.0,1.0,1.0
1,test,1649,1.0,1.0,1.0
1,test,1650,1.0,1.0,1.0
1,test,1651,1.0,1.0,1.0
1,test,1652,1.0,1.0,1.0
1,test,1653,1.0,1.0,1.0
1,test,1654,1.0,1.0,1.0
1,test,1655,1.0,1.0,1.0
1,test,1656,1.0,1.0,1.0
1,test,1657,1.0,1.0,1.0
1,test,1658,1.0,1.0,1.0
1,test,1659,1.0,1.0,1.0
1,test,1660,1.0,1.0,1.0
1,test,1661,1.0,1.0,1.0
1,test,1662,1.0,1.0,1.0
1,test,1663,1.0,1.0,1.0
1,test,1664,1.0,1.0,1.0
1,test,1665,1.0,1.0,1.0
1,test,1666,1.0,1.0,1.0
1,test,1667,1.0,1.0,1.0
1,test,1668,1.0,1.0,1.0
1,test,1669,1.0,1.0,1.0
1,test,1670,1.0,1.0,1.0
1,test,1671,1.0,1.0,1.0
1,test,1672,1.0,1.0,1.0
1,test,1673,1.0,1.0,1.0
1,test,1674,1.0,1.0,1.0
1,test,1675,1.0,1.0,1.0
1,test,1676,1.0,1.0,1.0
1,test,1677,1.0,1.0,1.0
1,test,1678,1.0,1.0,1.0
1,test,1679,1.0,1.0,1.0
1,test,1680,1.0,1.0,1.0
1,test,1681,1.0,1.0,1.0
1,test,1682,1.0,1.0,1.0
1,test,1683,1.0,1.0,1.0
1,test,1684,1.0,1.0,1.0
1,test,1685,1.0,1.0,1.0
1,test,1686,1.0,1.0,1.0
1,test,1687,1.0,1.0,1.0
1,test,1688,1.0,1.0,1.0
1,test,1689,1.0,1.0,1.0
1,test,1690,1.0,1.0,1.0
1,test,1691,1.0,1.0,1.0
1,test,1692,1.0,1.0,1.0
1,test,1693,1.0,1.0,1.0
1,test,1694,1.0,1.0,1.0
1,test,1695,1.0,1.0,1.0
1,test,1696,1.0,1.0,1.0
1,test,1697,1.0,1.0,1.0
1,test,1698,1.0,1.0,1.0
1,test,1699,1.0,1.0,1.0
1,test,1700,1.0,1.0,1.0
1,test,1701,1.0,1.0,1.0
1,test,1702,1.0,1.0,1.0
1,test,1703,1.0,1.0,1.0
1,test,1704,1.0,1.0,1.0
1,test,1705,1.0,1.0,0.9999997615814209
1,test,1706,1.0,1.0,1.0
1,test,1707,1.0,1.0,1.0
1,test,1708,1.0,1.0,1.0
1,test,1709,1.0,1.0,1.0
1,test,1710,1.0,1.0,1.0
1,test,1711,1.0,1.0,1.0
1,test,1712,1.0,1.0,1.0
1,test,1713,1.0,1.0,1.0
1,test,1714,1.0,1.0,1.0
1,test,1715,1.0,1.0,1.0
1,test,1716,1.0,1.0,1.0
1,test,1717,1.0,1.0,1.0
1,test,1718,1.0,1.0,1.0
1,test,1719,1.0,1.0,1.0
1,test,1720,1.0,1.0,1.0
1,test,1721,1.0,1.0,1.0
1,test,1722,1.0,1.0,0.9999737739562988
1,test,1723,1.0,1.0,1.0
1,test,1724,1.0,1.0,0.9999996423721313
1,test,1725,1.0,1.0,1.0
1,test,1726,1.0,1.0,1.0
1,test,1727,1.0,1.0,1.0
1,test,1728,1.0,1.0,1.0
1,test,1729,1.0,1.0,1.0
1,test,1730,1.0,1.0,1.0
1,test,1731,1.0,1.0,1.0
1,test,1732,1.0,1.0,0.9999818801879883
1,test,1733,1.0,1.0,1.0
1,test,1734,1.0,1.0,1.0
1,test,1735,1.0,1.0,1.0
1,test,1736,1.0,1.0,1.0
1,test,1737,1.0,1.0,1.0
1,test,1738,1.0,1.0,1.0
1,test,1739,1.0,1.0,1.0
1,test,1740,1.0,1.0,1.0
1,test,1741,1.0,1.0,0.9999997615814209
1,test,1742,1.0,1.0,1.0
1,test,1743,1.0,1.0,1.0
1,test,1744,1.0,1.0,1.0
1,test,1745,1.0,1.0,1.0
1,test,1746,1.0,1.0,1.0
1,test,1747,1.0,1.0,1.0
1,test,1748,1.0,1.0,1.0
1,test,1749,1.0,1.0,1.0
1,test,1750,1.0,1.0,1.0
1,test,1751,1.0,1.0,1.0
1,test,1752,1.0,1.0,1.0
1,test,1753,1.0,1.0,1.0
1,test,1754,1.0,1.0,1.0
1,test,1755,1.0,1.0,1.0
1,test,1756,1.0,1.0,1.0
1,test,1757,1.0,1.0,1.0
1,test,1758,1.0,1.0,1.0
1,test,1759,1.0,1.0,1.0
1,test,1760,1.0,1.0,1.0
1,test,1761,1.0,1.0,1.0
1,test,1762,1.0,1.0,0.9999998807907104
1,test,1763,1.0,1.0,0.9999994039535522
1,test,1764,1.0,1.0,1.0
1,test,1765,1.0,1.0,1.0
1,test,1766,1.0,1.0,1.0
1,test,1767,1.0,1.0,1.0
1,test,1768,1.0,1.0,1.0
1,test,1769,1.0,1.0,1.0
1,test,1770,1.0,1.0,1.0
1,test,1771,1.0,1.0,1.0
1,test,1772,1.0,1.0,1.0
1,test,1773,1.0,1.0,1.0
1,test,1774,1.0,1.0,1.0
1,test,1775,1.0,1.0,1.0
1,test,1776,1.0,1.0,1.0
1,test,1777,1.0,1.0,1.0
1,test,1778,1.0,1.0,1.0
1,test,1779,1.0,1.0,1.0
1,test,1780,1.0,1.0,1.0
1,test,1781,1.0,1.0,1.0
1,test,1782,1.0,1.0,1.0
1,test,1783,1.0,1.0,1.0
1,test,1784,1.0,1.0,1.0
1,test,1785,1.0,1.0,1.0
1,test,1786,1.0,1.0,1.0
1,test,1787,1.0,1.0,1.0
1,test,1788,1.0,1.0,1.0
1,test,1789,1.0,1.0,1.0
1,test,1790,1.0,1.0,1.0
1,test,1791,1.0,1.0,1.0
1,test,1792,1.0,1.0,1.0
1,test,1793,1.0,1.0,1.0
1,test,1794,1.0,1.0,1.0
1,test,1795,1.0,1.0,1.0
1,test,1796,1.0,1.0,1.0
1,test,1797,1.0,1.0,1.0
1,test,1798,1.0,1.0,1.0
1,test,1799,1.0,1.0,1.0
1,test,1800,1.0,1.0,1.0
1,test,1801,1.0,1.0,1.0
1,test,1802,1.0,1.0,1.0
1,test,1803,1.0,1.0,0.9997366070747375
1,test,1804,1.0,1.0,1.0
1,test,1805,1.0,0.0,0.0008506739395670593
1,test,1806,1.0,1.0,1.0
1,test,1807,1.0,1.0,1.0
1,test,1808,1.0,1.0,1.0
1,test,1809,1.0,1.0,1.0
1,test,1810,1.0,1.0,1.0
1,test,1811,1.0,1.0,1.0
1,test,1812,1.0,1.0,1.0
1,test,1813,1.0,1.0,1.0
1,test,1814,1.0,1.0,1.0
1,test,1815,1.0,1.0,0.9999992847442627
1,test,1816,1.0,1.0,0.9999996423721313
1,test,1817,1.0,1.0,1.0
1,test,1818,1.0,1.0,1.0
1,test,1819,1.0,1.0,1.0
1,test,1820,1.0,1.0,1.0
1,test,1821,1.0,1.0,0.9999992847442627
1,test,1822,1.0,1.0,1.0
1,test,1823,1.0,1.0,1.0
1,test,1824,1.0,1.0,1.0
1,test,1825,1.0,1.0,1.0
1,test,1826,1.0,1.0,1.0
1,test,1827,1.0,1.0,1.0
1,test,1828,1.0,1.0,1.0
1,test,1829,1.0,1.0,1.0
1,test,1830,1.0,1.0,1.0
1,test,1831,1.0,1.0,1.0
1,test,1832,1.0,1.0,1.0
1,test,1833,1.0,1.0,1.0
1,test,1834,1.0,1.0,1.0
1,test,1835,1.0,1.0,1.0
1,test,1836,1.0,1.0,1.0
1,test,1837,1.0,1.0,1.0
1,test,1838,1.0,1.0,1.0
1,test,1839,1.0,1.0,1.0
1,test,1840,1.0,1.0,1.0
1,test,1841,1.0,1.0,1.0
1,test,1842,1.0,1.0,1.0
1,test,1843,1.0,1.0,1.0
1,test,1844,1.0,1.0,1.0
1,test,1845,1.0,1.0,1.0
1,test,1846,1.0,1.0,1.0
1,test,1847,1.0,1.0,1.0
1,test,1848,1.0,1.0,1.0
1,test,1849,1.0,1.0,1.0
1,test,1850,1.0,1.0,1.0
1,test,1851,1.0,1.0,1.0
1,test,1852,1.0,1.0,1.0
1,test,1853,1.0,1.0,1.0
1,test,1854,1.0,1.0,1.0
1,test,1855,1.0,1.0,1.0
1,test,1856,1.0,1.0,1.0
1,test,1857,1.0,1.0,1.0
1,test,1858,1.0,1.0,1.0
1,test,1859,1.0,1.0,1.0
1,test,1860,1.0,1.0,1.0
1,test,1861,1.0,1.0,1.0
1,test,1862,1.0,1.0,1.0
1,test,1863,1.0,1.0,1.0
1,test,1864,1.0,1.0,1.0
1,test,1865,1.0,1.0,1.0
1,test,1866,1.0,1.0,1.0
1,test,1867,1.0,1.0,1.0
1,test,1868,1.0,1.0,1.0
1,test,1869,1.0,1.0,0.9999110698699951
1,test,1870,1.0,1.0,1.0
1,test,1871,1.0,1.0,0.9999997615814209
1,test,1872,1.0,1.0,0.9999998807907104
1,test,1873,1.0,1.0,1.0
1,test,1874,1.0,1.0,1.0
1,test,1875,1.0,1.0,1.0
1,test,1876,1.0,1.0,1.0
1,test,1877,1.0,1.0,0.9999998807907104
1,test,1878,1.0,1.0,1.0
1,test,1879,1.0,1.0,1.0
1,test,1880,1.0,1.0,1.0
1,test,1881,1.0,1.0,1.0
1,test,1882,1.0,1.0,1.0
1,test,1883,1.0,1.0,1.0
1,test,1884,1.0,1.0,1.0
1,test,1885,1.0,1.0,1.0
1,test,1886,1.0,1.0,1.0
1,test,1887,1.0,1.0,1.0
1,test,1888,1.0,1.0,1.0
1,test,1889,1.0,1.0,1.0
1,test,1890,1.0,1.0,1.0
1,test,1891,1.0,1.0,0.9999991655349731
1,test,1892,1.0,1.0,1.0
1,test,1893,1.0,1.0,0.9999995231628418
1,test,1894,1.0,1.0,1.0
1,test,1895,1.0,1.0,0.9999997615814209
1,test,1896,1.0,1.0,1.0
1,test,1897,1.0,1.0,1.0
1,test,1898,1.0,1.0,1.0
1,test,1899,1.0,1.0,1.0
1,test,1900,1.0,1.0,1.0
1,test,1901,1.0,1.0,0.9999996423721313
1,test,1902,1.0,0.0,0.07856576144695282
1,test,1903,1.0,1.0,1.0
1,test,1904,1.0,1.0,1.0
1,test,1905,1.0,1.0,1.0
1,test,1906,1.0,1.0,1.0
1,test,1907,1.0,1.0,0.9999996423721313
1,test,1908,1.0,1.0,1.0
1,test,1909,1.0,1.0,1.0
1,test,1910,1.0,1.0,0.9999996423721313
1,test,1911,1.0,1.0,1.0
1,test,1912,1.0,1.0,1.0
1,test,1913,1.0,1.0,1.0
1,test,1914,1.0,1.0,1.0
1,test,1915,1.0,1.0,1.0
1,test,1916,1.0,1.0,1.0
1,test,1917,1.0,1.0,1.0
1,test,1918,1.0,1.0,1.0
1,test,1919,1.0,1.0,1.0
1,test,1920,1.0,1.0,1.0
1,test,1921,1.0,1.0,1.0
1,test,1922,1.0,1.0,1.0
1,test,1923,1.0,1.0,0.9999881982803345
1,test,1924,1.0,1.0,1.0
1,test,1925,1.0,1.0,1.0
1,test,1926,1.0,1.0,1.0
1,test,1927,1.0,1.0,1.0
1,test,1928,1.0,1.0,0.9999706745147705
1,test,1929,1.0,1.0,1.0
1,test,1930,1.0,1.0,1.0
1,test,1931,1.0,1.0,1.0
1,test,1932,1.0,1.0,1.0
1,test,1933,1.0,1.0,1.0
1,test,1934,1.0,1.0,1.0
1,test,1935,1.0,1.0,1.0
1,test,1936,1.0,1.0,1.0
1,test,1937,1.0,1.0,1.0
1,test,1938,1.0,1.0,1.0
1,test,1939,1.0,1.0,1.0
1,test,1940,1.0,1.0,1.0
1,test,1941,1.0,1.0,1.0
1,test,1942,1.0,1.0,1.0
1,test,1943,1.0,1.0,1.0
1,test,1944,1.0,1.0,1.0
1,test,1945,1.0,1.0,1.0
1,test,1946,1.0,1.0,0.9999654293060303
1,test,1947,1.0,1.0,1.0
1,test,1948,1.0,1.0,1.0
1,test,1949,1.0,1.0,1.0
1,test,1950,1.0,1.0,1.0
1,test,1951,1.0,1.0,1.0
1,test,1952,1.0,1.0,1.0
1,test,1953,1.0,1.0,1.0
1,test,1954,1.0,1.0,1.0
1,test,1955,1.0,1.0,1.0
1,test,1956,1.0,1.0,1.0
1,test,1957,1.0,1.0,0.691666305065155
1,test,1958,1.0,1.0,1.0
1,test,1959,1.0,1.0,0.9999998807907104
1,test,1960,1.0,1.0,1.0
1,test,1961,1.0,1.0,1.0
1,test,1962,1.0,1.0,1.0
1,test,1963,1.0,1.0,1.0
1,test,1964,1.0,1.0,1.0
1,test,1965,1.0,1.0,1.0
1,test,1966,1.0,1.0,1.0
1,test,1967,1.0,1.0,1.0
1,test,1968,1.0,1.0,1.0
1,test,1969,1.0,1.0,1.0
1,test,1970,1.0,1.0,1.0
1,test,1971,1.0,1.0,1.0
1,test,1972,1.0,1.0,1.0
1,test,1973,1.0,1.0,1.0
1,test,1974,1.0,1.0,1.0
1,test,1975,1.0,1.0,1.0
1,test,1976,1.0,1.0,0.9999998807907104
1,test,1977,1.0,1.0,1.0
1,test,1978,1.0,1.0,1.0
1,test,1979,1.0,1.0,1.0
1,test,1980,1.0,1.0,1.0
1,test,1981,1.0,1.0,1.0
1,test,1982,1.0,1.0,0.9999996423721313
1,test,1983,1.0,1.0,1.0
1,test,1984,1.0,1.0,1.0
1,test,1985,1.0,1.0,1.0
1,test,1986,1.0,1.0,1.0
1,test,1987,1.0,1.0,1.0
1,test,1988,1.0,1.0,1.0
1,test,1989,1.0,1.0,1.0
1,test,1990,1.0,1.0,1.0
1,test,1991,1.0,1.0,0.9999649524688721
1,test,1992,1.0,1.0,1.0
1,test,1993,1.0,1.0,0.999998927116394
1,test,1994,1.0,1.0,1.0
1,test,1995,1.0,1.0,0.9999991655349731
1,test,1996,1.0,1.0,0.9992002844810486
1,test,1997,1.0,1.0,1.0
1,test,1998,1.0,1.0,1.0
1,test,1999,1.0,1.0,1.0
1,test,2000,1.0,1.0,1.0
1,test,2001,1.0,1.0,0.9999998807907104
1,test,2002,1.0,1.0,0.991019070148468
1,test,2003,1.0,1.0,1.0
1,test,2004,1.0,1.0,0.5831634402275085
1,test,2005,1.0,1.0,1.0
1,test,2006,1.0,1.0,1.0
1,test,2007,1.0,1.0,0.9999997615814209
1,test,2008,1.0,1.0,1.0
1,test,2009,1.0,1.0,1.0
1,test,2010,1.0,1.0,1.0
1,test,2011,1.0,1.0,1.0
1,test,2012,1.0,1.0,1.0
1,test,2013,1.0,1.0,1.0
1,test,2014,1.0,1.0,0.9999690055847168
1,test,2015,1.0,1.0,1.0
1,test,2016,1.0,1.0,0.999997615814209
1,test,2017,1.0,1.0,1.0
1,test,2018,1.0,1.0,1.0
1,test,2019,1.0,1.0,1.0
1,test,2020,1.0,1.0,0.9994392991065979
1,test,2021,1.0,1.0,1.0
1,test,2022,1.0,1.0,1.0
1,test,2023,1.0,1.0,0.9999997615814209
1,test,2024,1.0,1.0,1.0
1,test,2025,1.0,1.0,1.0
1,test,2026,1.0,1.0,1.0
1,test,2027,1.0,1.0,1.0
1,test,2028,1.0,1.0,0.9999973773956299
1,test,2029,1.0,1.0,1.0
1,test,2030,1.0,1.0,1.0
1,test,2031,1.0,1.0,1.0
1,test,2032,1.0,1.0,1.0
1,test,2033,1.0,1.0,1.0
1,test,2034,1.0,1.0,1.0
1,test,2035,1.0,1.0,1.0
1,test,2036,1.0,1.0,1.0
1,test,2037,1.0,1.0,1.0
1,test,2038,1.0,1.0,1.0
1,test,2039,1.0,1.0,1.0
1,test,2040,1.0,1.0,1.0
1,test,2041,1.0,1.0,1.0
1,test,2042,1.0,1.0,1.0
1,test,2043,1.0,1.0,1.0
1,test,2044,1.0,1.0,1.0
1,test,2045,1.0,1.0,1.0
1,test,2046,1.0,1.0,1.0
1,test,2047,1.0,1.0,0.9999996423721313
1,test,2048,1.0,1.0,1.0
1,test,2049,1.0,1.0,1.0
1,test,2050,1.0,1.0,1.0
1,test,2051,1.0,1.0,1.0
1,test,2052,1.0,1.0,1.0
1,test,2053,1.0,1.0,0.9999154806137085
1,test,2054,1.0,1.0,1.0
1,test,2055,1.0,1.0,1.0
1,test,2056,1.0,1.0,1.0
1,test,2057,1.0,1.0,0.9999995231628418
1,test,2058,1.0,1.0,1.0
1,test,2059,1.0,1.0,1.0
1,test,2060,1.0,1.0,1.0
1,test,2061,1.0,1.0,1.0
1,test,2062,1.0,1.0,1.0
1,test,2063,1.0,1.0,1.0
1,test,2064,1.0,1.0,1.0
1,test,2065,1.0,1.0,1.0
1,test,2066,1.0,1.0,0.9917529225349426
1,test,2067,1.0,1.0,1.0
1,test,2068,1.0,1.0,1.0
1,test,2069,1.0,1.0,1.0
1,test,2070,1.0,1.0,1.0
1,test,2071,1.0,1.0,1.0
1,test,2072,1.0,1.0,1.0
1,test,2073,1.0,1.0,1.0
1,test,2074,1.0,1.0,1.0
1,test,2075,1.0,1.0,1.0
1,test,2076,1.0,1.0,1.0
1,test,2077,1.0,1.0,1.0
1,test,2078,1.0,1.0,0.9999986886978149
1,test,2079,1.0,1.0,1.0
1,test,2080,1.0,1.0,1.0
1,test,2081,1.0,1.0,1.0
1,test,2082,1.0,1.0,1.0
1,test,2083,1.0,1.0,1.0
1,test,2084,1.0,1.0,1.0
1,test,2085,1.0,1.0,1.0
1,test,2086,1.0,1.0,1.0
1,test,2087,1.0,1.0,1.0
1,test,2088,1.0,1.0,1.0
1,test,2089,1.0,1.0,1.0
1,test,2090,1.0,1.0,1.0
1,test,2091,1.0,1.0,1.0
1,test,2092,1.0,1.0,0.9999849796295166
1,test,2093,1.0,1.0,1.0
1,test,2094,1.0,1.0,0.9999951124191284
1,test,2095,1.0,1.0,1.0
1,test,786,1.0,1.0,1.0
1,test,787,1.0,1.0,1.0
1,test,788,1.0,1.0,1.0
1,test,789,1.0,1.0,1.0
1,test,790,1.0,1.0,1.0
1,test,791,1.0,1.0,1.0
